cusip,ticker
00032Q104,WHWK
000360206,AAON
000361105,AIR
000375204,ABBNY
00039J103,YEAR
00039J202,TAFI
00039J301,LOWV
00039J400,HIDV
00039J509,FWD
00039J608,HYFI
00039J707,LRGC
00039J731,XCHG
00039J764,NYM
00039J772,CAM
00039J780,EMOP
00039J798,BUFM
00039J806,BUFC
00039J814,BUFI
00039J822,ILOW
00039J830,SYFI
00039J848,SDFI
00039J855,CPLS
00039J863,EYEG
00039J871,TAFL
00039J889,TAFM
00081T108,ACCO
000847111,ABPWW
000847202,ABPO
000868109,ACNB
000899104,ADMA
00090Q103,ADT
00091E109,ABSI
00091F106,ABVC
00091F304,ABVC
00091G104,ACVA
000957100,ABM
001055102,AFL
001084102,AGCO
00108J109,ACMR
00109K105,AFCG
00110G408,BTAL
001228501,MITT
00123Q104,AGNC
00130H105,AES
00138L108,RERE
00152K200,AKA
00161P109,ALFIQ
00162Q106,RDOG
00162Q205,EQL
00162Q338,ELFY
00162Q346,SMTH
00162Q353,LGRO
00162Q361,OGIG
00162Q379,OEFA
00162Q387,OUSA
00162Q395,OUSM
00162Q411,MNBD
00162Q445,REIT
00162Q452,AMLP
00162Q460,ACES
00162Q478,DTEC
00162Q510,RFFC
00162Q528,RFDA
00162Q536,RFCI
00162Q593,SBIO
00162Q668,EDOG
00162Q676,ENFR
00162Q718,IDOG
00162Q726,BFOR
00162Q783,RIGS
00162Q858,SDOG
00162Q866,AMLP
00164V103,AMCX
00165C302,AMC
001661107,AMCI
00166B105,ALXO
001744101,AMN
00175J107,POWW
00180G304,AMTD
00180N101,HKD
00181T107,GOLD
00182C103,ANIP
00183L201,ANGI
00187Y100,APG
00191J107,MTVX
00191U102,EFOR
00202F102,AMKBY
00203H842,AQMNX
00206R102,T
00211V106,AACG
002120202,ATYR
002121101,ATEN
00213H105,RMTO
00214Q104,ARKK
00214Q203,ARKQ
00214Q302,ARKG
00214Q401,ARKW
00214Q500,PRNT
00214Q609,IZRL
00214Q708,ARKF
00214Q807,ARKX
00214Q856,ARKI
00214Q864,ARKD
00214Q872,ARKT
00215F107,ATNI
00215W100,ASX
00216W208,ATIP
00217D100,ASTS
00217Y104,ATS
00218A105,ASPI
002205102,AZ
00246W103,AXTI
002474104,AZZ
00258G103,ATTBF
00258Y104,ABX
00258Y112,ABLLW
002824100,ABT
00287Y109,ABBV
00288U106,ABCL
002896207,ANF
00289Y206,ABEO
002942100,AARD
003009867,FAX
003011111,IAF
003013109,XFCOX
00301W105,AEF
003021714,ABEMX
003022266,ASCI
003022274,AMUN
00302L108,XAWPX
00302L207,AWP
00302M106,XAGDX
003057106,ACP
00306J109,XJEQX
003260106,PPLT
003261104,BCI
003261203,BCD
003262102,PALL
003263100,GLTR
003264108,SIVR
00326A104,SGOL
00326L100,XAODX
00326W106,ASGI
00370M103,ABVX
00373V100,ABVEF
00373V118,ABVWF
00384X202,AFSC
00384X301,AGEM
003881307,ACTG
00400R601,WBIF
00400R700,WBIG
00400R809,WBIL
00400R858,WBIY
00402L107,ASO
00404A109,ACHC
004225108,ACAD
004239109,AKR
00434W105,ACNV
00436Q106,ACEL
004397105,ARAY
00439U104,GRCE
00444T209,TLPH
004468500,ACHV
004498101,ACIW
00449R109,ACLLY
00461U105,ACRS
004816104,ACU
004848206,ACFN
00486H105,ADTN
004890109,ACRV
00489Q102,ACR
00503R508,ASNS
00507W206,ATNM
005083100,ACTU
00508Y102,AYI
005098108,GOLF
00509G209,ABOS
00509L802,ACUR
00510M203,ACXP
00510N102,TIC
005111109,AFIB
005329107,ADAG
00534A102,IVVD
00534B100,ADGM
00547W307,DMKPQ
00548F105,PEO
00548H101,JEWL
006212104,ADX
00650F109,ADPT
00653A107,ADAPY
00653L400,ATXG
00653Q102,AHCO
00654J206,ADXN
006739106,ADUS
00676P107,ADEA
00687A107,ADDYY
00688A304,ADIL
007002207,ACET
00704R109,ANL
00724F101,ADBE
00737L103,CVSA
007408206,ADUR
00751Y106,AAP
00753G103,AVIFY
0075W0155,LSVD
0075W0163,CAMX
00760J108,AEHR
00764C109,AVK
00764Q587,FINT
00764Q595,FGSM
00764Q611,FOPC
00764Q629,FCBD
00766T100,ACM
00768Y206,AADR
00768Y271,HVAC
00768Y289,MSOX
00768Y297,PSIL
00768Y370,GK
00768Y396,BEDZ
00768Y412,HDGE
00768Y438,QPX
00768Y453,MSOS
00768Y479,DWAW
00768Y487,DWUS
00768Y495,YOLO
00768Y529,DWSH
00768Y545,VICE
00768Y560,CWS
00768Y768,VEGA
00768Y818,SURE
00769G543,CAMYX
0076CA104,AEG
00770C101,ARQ
00770K202,AMTX
00770X188,PZLV
00770X196,PZIV
00770X212,GKAT
00770X220,KAT
00770X246,LCLG
00770X253,VOXP
00773J202,SYRE
00773T101,ASIX
00774Q346,DEMZ
00775Y256,GQGU
00775Y322,BAFE
00775Y363,SAMM
00775Y645,SAMT
00775Y652,SAGP
00775Y728,RWLC
00776X109,ALMU
00777X488,RCLO
00777X496,RAAA
00777X520,MBSX
00777X538,OPTZ
00777X546,RVER
00777X561,MVPA
00777X603,SHDG
00783V104,ADYEY
00788A113,ADNWW
00788A204,ADNH
007903107,AMD
00790R104,WMS
00791N201,ADV
00791P107,AAVVF
00791R301,ARP
00791R608,CARK
00791R707,DIVP
00791R798,EDGU
00791R814,EDGI
00791R822,EDGH
00791R830,EDGF
00791X209,AEON
00792J100,AAGR
00792J118,AAGRW
007973100,AEIS
008064206,JBIO
008073108,AVAV
00809M104,PAIYY
00809R202,ATHR
00810F106,ASLE
00810J116,AWINW
008183113,LIDRW
008183204,LIDR
008252108,AMG
00827B106,AFRM
00835Q202,AEVA
00835T107,AVEX
00846U101,A
008474108,AEM
00847G804,AGEN
00847J105,AGYS
00847X104,AGIO
00848K309,UAVS
008492100,ADC
00850M102,ACGBY
00851L103,API
00853E404,RYM
00857F100,AGILQ
00857F118,AGLWQ
00857U206,AGL
00860C102,AGMB
008875304,DOMH
00887A204,RNTX
00888H109,APRT
00888H208,APRW
00888H307,JULT
00888H315,QBKF
00888H331,QBIF
00888H356,QBSV
00888H364,QBQF
00888H372,QBQV
00888H406,JULW
00888H422,JANI
00888H430,QBSF
00888H448,AIOO
00888H455,SPBU
00888H463,SPBW
00888H471,SPBX
00888H489,MARU
00888H497,FEBU
00888H505,OCTW
00888H513,JANU
00888H521,DECU
00888H539,NVBU
00888H547,OCTU
00888H554,SEPU
00888H562,AUGU
00888H570,JULU
00888H588,JNEU
00888H596,MAYU
00888H604,OCTT
00888H612,ARLU
00888H620,FLAO
00888H638,FLJJ
00888H646,SIXD
00888H653,SIXZ
00888H661,SIXP
00888H679,SIXF
00888H687,SEPW
00888H695,SEPT
00888H703,JANT
00888H711,AUGW
00888H729,AUGT
00888H737,JUNW
00888H745,JUNT
00888H752,MAYW
00888H760,MAYT
00888H778,MARW
00888H786,FEBW
00888H794,DECW
00888H802,JANW
00888H810,MART
00888H828,FEBT
00888H836,DECT
00888H844,NVBW
00888H851,NVBT
00888H869,SIXJ
00888H877,SIXO
008933103,AIAI
008940108,AISP
008940116,AISPW
00901B303,AIM
00902F113,AIMDW
00902F402,AIMD
009066101,ABNB
009119108,AFLYY
00912N403,AIRI
009158106,APD
009207101,AIRT
009279100,EADSY
00938A104,AIRG
009422106,AIRO
009496100,AIRS
00950R100,AIPUY
00950T106,ARTR
009719501,AKBTY
00971T101,AKAM
00972D105,AKBA
00973E300,AKR
00973N102,AKTSQ
010199503,AKZOY
01021M104,AKTS
010911105,ALMR
011311107,ALG
011532108,AGI
011642105,ALRM
011659109,ALK
012348108,AIN
012653101,ALB
013091103,ACI
013872106,AA
01438T106,ALDX
014442107,ALEC
01444V103,ANNA
01444V111,ANNAW
01446U103,ALRS
014752109,ALX
015271109,ARE
015564107,FRTY
015564206,ATFV
015564404,CNEQ
015564503,ALAI
015564602,INVN
015658107,ASTL
015658115,ASTLW
015857105,AQN
01609W102,BABA
01609Y108,ALBBY
016230104,ALCO
016255101,ALGN
01625V104,ALHC
01626L204,ALGS
01626W200,ALIT
01643B106,ALYAF
01643J109,ALKM
01644J108,ALKT
016744500,ALLR
01675A208,BIRD
01741R102,ATI
01748X102,ALGT
01749D105,ALGM
018581108,BFH
01861F102,AENT
01861F110,AENTW
01862Q107,ALH
018642819,ALTVX
01864U106,AFB
01877R108,ARLP
01878T202,ASYLX
01879R106,XAWFX
018802108,LNT
01881G106,AB
019170208,AIFA
01921D204,AAUC
019330109,ALNT
01973R101,ALSN
019770106,ALLO
01988P108,MDRX
01989A100,AINP
01989A209,APLU
01989A308,AFIX
01989A605,ASLV
01989A704,ASCE
01989A803,AUSM
020002101,ALL
02005N100,ALLY
02008G110,ALURW
020283305,AAUAF
020398707,ALM
02043Q107,ALNY
02072L102,QVAL
02072L151,CHGX
02072L169,ROPE
02072L185,GQQQ
02072L201,IVAL
02072L227,NIXT
02072L235,NEWZ
02072L276,SFGV
02072L284,ABCS
02072L300,IMOM
02072L326,BEEZ
02072L375,TBG
02072L383,LBO
02072L409,QMOM
02072L417,FDIV
02072L425,SMRI
02072L433,ROE
02072L441,BUXX
02072L458,STXT
02072L466,ECML
02072L474,BDGS
02072L482,MDLV
02072L508,AAVM
02072L516,CAOS
02072L532,BSVO
02072L557,FTWO
02072L565,BOXX
02072L573,STXK
02072L581,STXD
02072L599,STXV
02072L607,FRDM
02072L615,STXG
02072L631,HIDE
02072L649,BRNY
02072L656,DIVD
02072L672,SHOC
02072L680,STXF
02072L698,STXE
02072L714,BBLU
02072L722,DRLL
02072L730,AOTG
02072L748,DDX
02072L771,ITAN
02072L789,GFGF
02072L813,MOOD
02072L839,AMID
02072L847,MBOX
02072L870,GDMA
02072Q176,GEQ
02072Q184,AVOS
02072Q218,AVRY
02072Q275,AAUA
02072Q358,AAEQ
02072Q374,WSGE
02072Q408,BOXA
02072Q424,BRES
02072Q499,CTEF
02072Q572,USEW
02072Q622,ENDW
02072Q630,RW
02072Q663,AGGA
02072Q713,GEW
02072Q747,ABIG
02072Q754,ALIL
02072Q762,FMTM
02072Q770,TRIO
02072Q788,YOKE
02072Q796,LENS
02072Q804,TAX
02072Q820,ORR
02072Q838,RCGE
02072Q846,TOV
02072Q853,AAUS
02074J501,ACOG
020764106,AMR
020772109,APT
02079K107,GOOG
02079K305,GOOGL
02080L102,TKNO
02081G201,ATEC
02083E204,ALPP
02083X103,PINE
020952115,AMODW
020952206,AMOD
02115D208,AEI
02128L106,ALTG
021361100,ATGFF
02146M201,MBAK
021513106,ALTO
02152E200,AEGY
02155H200,ALT
02155X205,ATHE
02156K103,OPTU
02156U200,ATER
02156V109,OKLO
02157E106,ALTI
02157M108,AEAE
02157M116,AEAEW
02157M207,AEAEU
02157Q109,ANRO
02209S103,MO
02210T108,ARB
02210T207,EVNT
02215L209,KNTK
022307102,ALMS
02262M605,ALZN
02263T104,AMADY
022671101,AMAL
023111404,AMRN
023135106,AMZN
023139884,OSG
023193105,AMBQ
02319V103,ABEV
02322P309,AMBO
02341Q205,DIT
023576101,AMTB
023586100,UHAL
023586506,UHAL-B
023608102,AEE
02361E108,AMRC
023634108,NWAX
023634116,NWAX-WS
023634207,NWAX-U
02364V206,GHI
02368W309,AHLT
02368W408,MGNR
02369M102,RMCO
02369M110,RMCOW
02376R102,AAL
02390A101,AMX
023939101,AMTM
024013104,AAT
024061103,DCH
024071102,ABALX
02451V309,ABAT
025072109,KORP
025072117,CATF
025072125,AVMC
025072133,AVMV
025072141,AVEE
025072158,AVLC
025072166,AVNV
025072174,AVNM
025072182,AVMA
025072190,AVDS
025072208,VALQ
025072216,AVGV
025072224,FUSI
025072232,AVGE
025072240,AVIE
025072257,SDSI
025072281,AVSU
025072299,AVSD
025072307,QGRO
025072315,AVSE
025072323,AVSC
025072331,AHYB
025072349,AVLV
025072356,AVRE
025072364,AVIV
025072372,AVES
025072380,ACGR
025072398,MUSI
025072406,QINT
025072505,TAXF
025072521,QCON
025072562,AVIG
025072604,AVEM
025072687,AVSF
025072695,AVMU
025072703,AVDE
025072752,ACLC
025072760,MID
025072794,FLV
025072802,AVDV
025072810,FDG
025072877,AVUV
025072885,AVUS
025076100,TWEIX
025076407,TWEAX
025076506,TWVLX
02507A101,AVXC
02507A200,AVGB
02507A507,AVUQ
02507A606,AVTM
02507A705,ACSG
02507A804,ACSV
02507F738,AOMIX
025537101,AEP
02553E106,AEO
025816109,AXP
025932104,AFG
02630B604,TEFEX
02640K107,AGIN
02665T306,AMH
026874784,AIG
026948109,AII
02715M103,AMLH
027259209,AMLIF
028719102,AONC
028719110,AONCW
02875D109,AOUT
02913V103,APEI
029174109,ARL
02919L117,AREBW
02927U208,AREC
029595105,AMS
029899101,AWR
030111207,AMSC
03027X100,AMT
030371108,AVD
030420103,AWK
03044L204,AMWL
03062D803,USAS
03062T105,CRMT
03064D108,COLD
03071H100,AMSF
03073E105,COR
03074A102,ASRV
03076C106,AMP
03076K108,ABCB
031001100,ATLO
031094204,AMST
031100100,AME
031162100,AMGN
031652100,AMKR
03168L105,AMRX
032037103,AP
032095101,APH
03209R103,AMPH
03209T307,AMPE
032108102,IBUY
032108342,YYYM
032108409,DIVO
032108417,EHY
032108433,SLJY
032108474,MJ
032108482,CNBS
032108516,TLTP
032108524,QDVO
032108532,THNR
032108540,AWAY
032108557,ETHO
032108565,AIEQ
032108573,AIVC
032108599,ITEQ
032108607,BLOK
032108615,GAMR
032108649,SILJ
032108656,IPAY
032108664,HACK
032108672,SOFR
032108680,HCOW
032108698,COWS
032108722,IDVO
032108730,NDIV
032108805,BATT
032108821,ISWN
032108847,YYY
032108888,SWAN
03210A107,BDRY
03210A206,BWET
03211Q143,AMPGZ
03211Q200,AMPG
03212B103,AMPY
03213A104,AMPL
03214Q108,AMPX
03214Q116,AMPX-WS
032159105,AXR
032332504,ASYS
03237H101,AMLX
032523201,AEBZY
032654105,ADI
032724106,ANAB
032797300,AVXL
033853102,ANDG
034164103,ANDE
034393108,ANDR
034569103,ANEB
03463K729,TRBF
03463K737,MBS
03463K745,AOHY
03463K752,UYLD
03463K760,CARY
03464A100,FINS
03464C205,AEC
03464Y108,AOMR
03475V101,ANGO
034948109,ANGX
03524A108,BUD
035255108,ANIK
03528H109,ANIX
035710839,NLY
03589W102,ANNX
03615A108,ANVS
03662P107,ANPDY
03674U300,ANTH
03674X106,AR
036752103,ELV
03675P102,AVR
03676B102,AM
03676C100,ATEX
037326105,ANTX
03740A106,AOXG
03743Q108,APA
03748R747,AIV
037598109,APOG
03761U502,MFIC
03762U105,ARI
03763A207,ASTH
03769M106,APO
03770N101,APGE
03782L101,APPN
037833100,AAPL
03783C100,APPF
03784Y200,APLE
03815J107,AADX
03815U607,BNBX
038169207,APLD
03819M106,AERG
03820C105,AIT
038222105,AMAT
03823U102,AAOI
03831W108,APP
03832J106,SFRT
03832J114,SFRTW
038336103,ATR
03834B127,APCXW
03834B309,APCX
03835L702,APVO
03835W104,SEV
03836J201,APRE
03837C106,APYX
03837J309,AQMS
03842K309,AQB
03842W105,AQUC
03843E104,AQST
03852U106,ARMK
03879J100,ABUS
038923108,ABR
039014303,RKDA
03937C105,ARCB
03938L203,MT
03945R102,ACHR
03945R110,ACHR-WS
039483102,ADM
03957W106,AROC
039587209,FUVV
03959D205,ARCS
039653100,ACA
039697107,ARDX
03969F109,RCUS
03969K108,ARQT
03969T109,ARCT
03980N107,ARDT
03990B101,ARES
040044109,AREN
04010E109,AGX
04010L103,ARCC
040126302,ARBK
04013V108,ACRE
04014F102,ARDC
04016X101,ARGX
040334104,ARDS
04035M102,ARHS
04040Y109,ARIS
040413205,ANET
040712101,ARKR
04071F102,TETH
040919102,ARKB
041242108,ARKO
04124A100,APC
042068205,ARM
04206A101,ARLO
04208T108,AHRT
04216R102,ARMP
042255109,BTOC
042315705,ARR
04238R106,AFIIQ
04247X102,AWI
042644104,AOGO
042644112,AOGOW
042644203,AOGOU
04271T100,ARRY
04272H204,ARAI
04272N102,AVBP
042735100,ARW
04273H104,GYLD
042744102,AROW
042765719,ARCM
04280A100,ARWR
04301G706,ARTL
04302A104,AIP
043113208,ARTNA
043168103,ARTW
04316A108,APAM
04317A107,ARTV
04335A105,ARVN
04339D105,ARXS
04342Y104,ASAN
043436104,ABG
043635804,ASTI
04390B105,AAPG
044103794,AHT
044186104,ASH
04523Y105,ASPN
04530L203,ASPU
04530Y106,APNHY
04537Y208,AWHL
045396207,ASMB
045487105,ASB
045528106,ACGP
04621X108,AIZ
046224101,ASTE
04626A103,ALAB
04638F108,ALOT
046433108,ATRO
046484309,ASTC
04649U102,ASUR
04650F101,ATAI
046513206,ATRA
046789400,ACLLF
04681Y103,ASIC
04683R106,AVIR
04687C105,ATEK
04687C113,ATEKW
04687C204,ATEKU
04744L205,ATHXQ
04746L203,LONA
047559109,ATCMF
047649108,ATKR
047726104,BATRA
047726302,BATRK
048209100,AAME
048539100,CGNO
048592109,CIRC
04911A107,AUB
04914Y102,ATLC
049468101,TEAM
049560105,ATO
04956D107,ATMU
04962H704,ATOS
04963C209,ATRC
04965B100,ATOM
04965M106,ATAT
04965N104,RNA
050055201,ATWT
050473107,AUBN
05072K404,AUUD
050734201,AEYE
05153U107,AURA
05153V105,ARAO
05156D102,PUSA
05156V102,AUPH
05156X850,ACB
051774107,AUR
051774115,AUROW
051857209,JG
05223F106,AUST
052769106,ADSK
05277E104,ATDRY
05278C107,ATHM
052800109,ALV
05280R100,AUTL
053015103,ADP
05329W102,AN
053306106,AATC
053332102,AZO
05338F306,AVTX
05338N101,AVAT
05343P109,AWX
05344R302,CHGA
053484101,AVB
05348Y105,AVLN
05352A100,AVTR
05353F207,AVX
05356F105,AVAH
053604104,AVPT
053611109,AVY
05366Y201,AVNW
05368J103,AVBH
05368V106,AVNT
05369T100,AVBC
053774105,CAR
05379B107,AVA
053807103,AVT
05380C102,RCEL
053906103,ASM
05453N100,AWRE
05453U203,SSII
054540208,ACLS
05463X106,AXGN
05464C101,AXON
05464T104,AXSM
05465C100,AX
05466C109,AYA
054748306,FABC
054754858,AYTU
05479K106,ELUT
05479L302,AZTR
05501U601,AZUL
05508R106,BGS
055183107,BABB
055262505,BASFY
05528C667,BBHM
05528C675,BBHL
055298103,BCBP
05532D107,BLIAQ
05534B760,BCE
055477103,BCAX
05550J101,BJ
05552Q301,BIMI
05561Q201,BOKF
055622104,BP
055630107,BMI
055645303,BRT
05565A202,BNPQY
05577W200,DOO
0557MQ115,BTBDW
0557MQ206,BTBD
05580M108,RILY
05581M404,BTCS
055869101,BTQ
05587G203,BKTI
05588N108,XDCFX
05588W108,LEO
05589G102,BWIN
05601C105,BGSF
05601U105,BRCC
05603E208,BVFL
05603J108,BKV
05605H100,BWXT
05606L100,BYDDY
05613H100,BKDV
05613H209,BKCG
05613H308,BEDY
05613H407,BCPL
05613H506,BKFI
05613H605,BKMS
05613H704,BKMI
05614L209,BW
05637B105,BLZE
056525108,BMI
056752108,BIDU
05684B107,BCSF
05686D200,BGGG
05722G100,BKR
057589103,BKEN
05759B115,BKKT-WS
05759B305,BKKT
057665200,BCPC
058498106,BALL
058586108,BLDP
05875B304,BALY
058934100,BBAR
05945F103,BANF
059460303,BBD
059460402,BBDO
05946K101,BBVA
059520106,BCH
059578104,BDORY
05961W105,BMA
05964H105,SAN
05965X109,BSAC
05967A107,BSBR
059695106,BCV
05969A105,TBBK
05970V106,BCTF
05988J103,BAND
059893107,BKKLY
05990K106,BANC
060505104,BAC
06211J100,BFC
062540109,BOH
063425102,BMRC
063671101,BMO
063679385,FNGU
063679427,NRGU
063679435,BNKU
063679468,CARD
063679492,JETU
063679526,SHNY
063679542,GDXU
063679559,BULZ
063679567,SPYU
063679583,OILU
063679856,FNGO
06368B504,FNGS
06368J200,FLYU
06368L304,WTIU
06368L403,WTID
06368M203,FNGD
06368M302,GDXD
064058100,BNY
064149107,BNS
06417N103,OZK
06426M104,BACHY
065066102,BKSC
06652K103,BKU
06652N107,BSVN
06652V208,BANR
06654A103,BWFG
066644105,BNIX
06682J118,PARAW
06682J605,PARA
066849100,BHB
06684L103,BZUN
06690B107,PNSTQ
06690B115,PNSWQ
06738C778,DJP
06738E204,BCS
06739F101,JJCTF
06739F135,BWVTF
06739H750,JJETF
06742C723,ATMP
06747C322,GRN
06748M188,VXZ
06748M196,VXX
067532200,BRFH
06759L103,BBDC
06759X107,MCI
06760L100,BGH
06761A103,MPV
06777U200,BNED
067901108,ABX
068221100,BRN
06829D107,RONB
06829D206,BCGD
06829D404,BCFN
06829D503,BCTK
06829D701,BROL
068463108,BBSI
06849F108,B
070203104,BSET
070830104,BBWI
07134L107,BATL
07160F404,BXRXQ
071705107,BLCO
071734107,BHC
071813109,BAX
07272M107,BCML
072730302,BAYRY
07279B104,BAFN
07317Q105,BTE
07323B118,BAYAR
073463119,BODYW
073463309,BODI
07373B109,BEEM
07373V105,BEAM
074014200,BBGI
07556Q881,BZH
075571208,BDST
075887109,BDX
075896159,BBBY-WS
07725L102,ONC
077347201,BELFA
077347300,BELFB
077454106,BDC
07782B104,BLTE
07831C103,BRBR
080558109,BSXGF
080694102,OZ
08160E207,BMBN
08160H101,BHE
08178Q119,BENFW
08178Q507,BENF
08205P209,BNTC
082490111,BHLWQ
082490202,BHILQ
08265T208,BSY
084423102,WRB
084670108,BRK-A
084670702,BRK-B
084680107,BBT
086516101,BBY
08659B102,BBNX
086921103,BETA
08773T104,BTTX
08774B110,BETRW
08774B508,BETR
088606108,BHP
08862E109,BYND
088786108,BCYC
088929104,BGC
089302103,BIGGQ
08975B109,BBAI
08975B117,BBAI-WS
08975P108,CMRC
08986R309,BH
08986R408,BH-A
08989Q100,BSGC
090040106,BILI
090043100,BILL
090168105,BLLN
09032H105,BCG
090337106,FLX
090572108,BIO-B
090572207,BIO
09057N409,BPTH
09058V103,BCRX
09060U507,BCDA
09060U606,BCDA
09061G101,BMRN
09061H406,BMRA
09061Q307,BNET
09062W204,BLFS
09062X103,BIIB
090655606,BRTX
090678301,BSPM
090683103,BTMD
09071M304,BLRX
09072V600,BIOCQ
09073M104,TECH
09073N300,STEX
09073Q303,SCNI
09074B107,RENO
09074F504,BIVI
09074H203,BTCY
09075A108,BVS
09075F404,BNGO
09075P204,BTAI
09075V102,BNTX
09075X207,BDSX
09076J207,BHST
09076W117,BIAFW
09076W307,BIAF
09077A106,BMEA
09077B203,BCAB
09077D118,BFRIW
09077D209,BFRI
09077V100,BIOA
09088U109,BGI
09090D509,PHGE
090911702,BIOLQ
091748202,BITC
091748301,AETH
091748509,OWNB
091749101,BITW
09174C104,BITB
09174F107,XRP
09174P113,BTMWQ
09174P303,BTMCQ
09175A206,BMNR
09175C103,BITQ
09175M804,GPUS
09175N109,AIBZ
09175T106,BHYP
09180C106,BJRI
091936526,BDMIX
091941104,BGT
091947101,BTGO
091948109,BSOL
091955104,ETHW
09202T103,BDGR
09203E105,BDTX
092113109,BKH
092244102,BRCB
09225M101,BSM
09227Q100,BLKB
09228F103,BB
09239B109,BL
09247D105,XBKNX
09247F209,BKT
092481100,BHV
09248D104,BUI
09248E102,XBFZX
09248L106,XBNYX
09248X100,BBN
09249E101,BHK
09249W101,BLW
092501105,XBOEX
092508100,BTZ
09250B103,XBTAX
09250U101,BGR
09250W107,XBMEX
09251A104,BDJ
092524107,XBGYX
092528108,SHYM
092528207,INMU
092528405,BRLN
092528504,CLOA
092528603,BINC
092528702,IVVM
092528793,MBBA
092528801,IVVB
092528819,SECU
092528827,BREM
092528835,GGOV
092528843,HIMU
092528850,BCLO
092528868,BRHY
092528876,BRTR
092528884,CALI
09253E104,MEMTX
09253E609,MAMTX
09253N104,MHD
09253R105,XMVFX
09253T101,XMVTX
09253W104,XMYDX
09253X102,XMUIX
09254E103,MYI
09254F100,MQY
09254G108,XMQTX
09254J102,MUA
09254L107,MUC
09254V105,MIY
09254X101,MUJ
09255E102,MYN
09255G107,MPA
09255K108,XEGFX
09255P107,HYT
09255R202,DSU
09255X100,XFRAX
09256A109,CII
09256H336,BIICX
09256U105,BSL
09257A108,BCX
09257D102,BGX
09257P105,BTT
09257R101,BGB
09257W100,BXMT
09258A107,BIT
09258G104,BST
09259E108,TCPC
09260D107,BX
09260E105,BMEZ
09260K101,BSTZ
09260Q108,BTX
09260U109,BCAT
09261X102,BXSL
09262F100,ECAT
09262G108,XBMNX
09263B116,BKSY-WS
09263B207,BKSY
09264B107,BXDC
092667104,SRTA
09290C103,DYNF
09290C400,BMED
09290C509,LCTU
09290C590,BFLX
09290C608,LCTD
09290C616,BLCV
09290C624,ENHI
09290C640,BALQ
09290C657,ENHU
09290C665,IALT
09290C673,BILT
09290C681,IDYN
09290C699,IDEF
09290C715,BDVL
09290C723,BDYN
09290C731,ISMF
09290C749,GMMF
09290C756,PMMF
09290C764,CORO
09290C772,TEK
09290C780,BAI
09290C798,BGRO
09290C806,THRO
09290C814,BELT
09290C822,CSHP
09290C830,INRO
09290C848,BIDD
09290C855,BLCR
09290C863,BALI
09290C889,BPAY
09290D101,BLK
092915107,BZAI
092915115,BZAIW
09352U108,BLND
09354A100,BLNK
093671105,HRB
093698108,BDRLQ
093712107,BE
093919108,AIB
094235108,BLMN
095306106,BLBD
09549B104,BLFY
095633608,BJDX
09570Q509,BMM
09581B103,OWL
095825105,BRBS
095924106,OTF
09606H309,BSFC
09624H208,BXC
09631H100,BHM
09631P102,BPRE
09660L105,DHF
09661T107,BKLC
09661T206,BKMC
09661T305,BKSE
09661T404,BKIE
09661T503,BKEM
09661T602,BKAG
09661T800,BKHY
09661T826,BKGI
09661T834,BKCI
09661T859,BKUI
09662E109,DSM
09662W109,DMB
09681N106,BOBS
097023105,BA
097235105,BSBK
09739D100,BCC
09769B115,BSLKW
09769B206,BSLK
097702203,BOLT
09776J101,BONTQ
09789C663,TXXI
09789C671,PCMM
09789C697,TAXM
09789C705,XBB
09789C721,TAXX
09789C747,BBBI
09789C754,BBBS
09789C762,BBBL
09789C770,HYSA
09789C788,XHLF
09789C796,XTWY
09789C804,XB
09789C812,XTEN
09789C820,XSVN
09789C838,XFIV
09789C846,XTRE
09789C853,XTWO
09789C861,XONE
09789C879,XEMD
09789C887,XCCC
098070154,BBLGW
098070600,BBLG
098529308,BNSOF
09857L108,BKNG
099406100,BOOT
09940T100,BRUN
09940T118,BRUNW
099502106,BAH
099720104,BOREF
099724106,BWA
09973D105,BRLS
09973D113,BRLSW
100557107,SAM
101044105,BOC
101121101,BXP
101137107,BSX
101507101,STEW
10170A100,BOLD
10240L102,BOW
10258P102,LUCK
103002101,BWMN
10316T104,BOX
103197505,BOXL
103304101,BYD
103310108,BGSI
104674106,BRC
104813308,HODO
10482B101,BHR
104833306,BRAG
104932116,BNAIW
104932207,BNAI
10501E300,BCLI
10501L106,BWAY
105230106,BOF
105368203,BDN
10537L104,BWG
105532105,BAK
10554B104,LND
10576N102,BRZE
105861306,ATLX
10586A108,GRO
106762115,BRZHW
106762123,BRZHR
107924102,BBOT
107930117,BCTXZ
107930125,BCTXL
107930307,BCTX
10806X102,BBIO
10807Q700,BLIN
108621103,BWB
108763103,BRID
109194100,BFAM
10919W405,DRUG
10920G100,BGXXQ
10922N103,BHF
10948C107,BV
10948W103,AAMI
10949T109,BRSP
109504100,BRLT
10950A106,BTSG
109641100,EAT
109696104,BCO
110122108,BMY
110122140,CELG-R
11040G103,VTOL
110448107,BTI
11120U105,BRX
11133T103,BR
11135E203,BNL
11135F101,AVGO
111444709,BYFC
11161T207,BWEN
112463104,BKD
11271J107,BN
11276H106,BIPC
112830104,RA
11285B108,BEPC
113004105,BAM
113006100,BBUC
114082118,ERNAW
114082407,ERNA
114340102,AZTA
115236101,BRO
115637100,BF-A
115637209,BF-B
116794108,BRKR
117043109,BC
11750K120,BRSWF
11750K401,BRSHF
11777Q209,BTG
118440106,BKE
11882T106,BUDA
120076104,BBW
12008R107,BLDR
12009B101,BFIX
12021E109,BFRG
12047B105,BMBL
120738406,BZLFY
12082W204,BURBY
12135Y108,BHRB
122017106,BURL
12233L107,BNR
12233L206,BNR
12326C105,BFST
124155102,BFLY
124155110,BFLYW
12430A110,BZFDW
12430A300,BZFD
124411109,BY
124420100,BYNO
124420118,BYNOW
124420209,BYNOU
12448X201,BYRN
12466Q104,CFFI
12468P104,AI
124765108,CAE
12479G101,CBFV
124805102,CBZ
12482W408,YCBD
124830878,CBL
124867102,CAWW
12503M108,CBOE
12504G100,IGR
12504L109,CBRE
12510Q100,CCC
125141101,CECO
12514G108,CDW
12520L109,CFBK
125269100,CF
12529R107,CCCC
12532H104,GIB
12541W209,CHRW
125523100,CI
12562N104,CKX
12562Y100,CKHUY
12564W102,CMCT
12564W219,CMCT
12572Q105,CME
125896100,CMS
125919308,CVU
12591J207,CSPCY
126117100,CNA
126128107,CCNE
12618T105,CRAI
12619F104,CPSH
12621E103,CNO
126327105,LAW
12634H200,PMTS
12637N204,CSLLY
126389105,CSPI
126402106,CSW
126408103,CSX
126501105,CTS
12653C108,CNX
126600105,CVBF
126601103,CVV
12662P108,CVI
126633205,UAN
126638105,CVRX
12664M103,NOEM
12664M111,NOEMW
12664M129,NOEMR
12664M202,NOEMU
126650100,CVS
126654102,CVSI
12673Q103,CFND
12674W109,CABA
12685J105,CABO
12687E104,CVHSY
127055101,CBT
127097103,CTRA
127190304,CACI
127203107,WHD
127387108,CDNS
12738K109,CDLR
12740C103,CADE
127537207,CDZI
127636207,CVKD
12763L105,CDRE
12769G100,CZR
12802P307,CBYI
12802T101,CDVIQ
128030202,CALM
128058302,LSTA
128117108,CHI
128118106,CGO
128119880,CMNIX
12811L107,CHW
12811P108,XCHYX
12811T118,CPRO
12811T126,CPRY
12811T134,CPRA
12811T209,SROI
12811T407,CCEF
12811T506,CANQ
12811T514,CBOX
12811T555,CBTL
12811T563,CBOL
12811T589,CBTO
12811T597,CBXO
12811T605,CPSM
12811T613,CBOO
12811T621,CBTY
12811T639,CBXY
12811T647,CBOY
12811T654,CBTA
12811T662,CBXA
12811T688,CBOJ
12811T704,CPSA
12811T712,CBXJ
12811T720,CBTJ
12811T738,CPSL
12811T746,CPSU
12811T753,CPSP
12811T761,CPSR
12811T779,CPSF
12811T787,CPSY
12811T795,CPSD
12811T803,CPSJ
12811T811,CPSN
12811T829,CPSO
12811T837,CPRJ
12811T845,CPNM
12811T852,CPNQ
12811T860,CPNS
12811T878,CPNJ
12811T886,CPST
12811V105,CCD
128125101,CSQ
12812C106,CPZ
128699105,CLCL
128745205,ATCH
129500104,CAL
13000T604,CWD
130266109,CAGR
13057Q305,CRC
130788102,CWT
13089P507,CALA
13100M509,CALX
131100109,CJMB
131193104,CALY
131428104,CLMT
13200M607,CEIN
132061201,SYLD
132061300,FYLD
132061409,GVAL
132061508,GMOM
132061607,GAA
132061706,EYLD
132061763,CFIT
132061771,LYLD
132061789,TYLD
132061797,MYLD
132061813,BLDG
132061839,TRTY
132061862,TAIL
132061888,VAMO
133034108,CAC
133131102,CPT
13321L108,CCJ
134429109,CPB
13462K109,CWH
13463J101,CAMP
13471N409,CANF
134748102,CAN
135086106,GOOS
136069101,CM
136375102,CNI
136385101,CNQ
13646K108,CP
136635109,CSIQ
13722V101,SOLC
13723M100,XRPC
137404109,CADL
137649109,CBGI
13765N107,CNNE
137800207,CNTTQ
138006309,CAJPY
138035704,CGC
13803R110,GOEWQ
13803R300,GOEVQ
13811E101,CPHC
13961R100,CGEMY
139674105,CCBG
139737100,CBNK
14016P107,BOUT
14016P206,FFTY
140193103,CAIBX
14019W109,CGXU
14020G101,CGGR
14020R107,CGGE
14020U100,CGCV
14020V108,CGUS
14020W106,CGDV
14020X104,CGGO
14020Y102,CGCP
14020Y201,CGMU
14020Y300,CGMS
14020Y409,CGSD
14020Y508,CGCB
14020Y607,CGSM
14020Y706,CGIB
14020Y805,CGHM
14020Y870,CGHY
14020Y888,CGUI
14021D107,CGBL
14021L109,CGDG
14021M107,CGIE
14021N105,CGNG
14021T102,CGIC
14022A102,CGMM
14022A201,CGGG
14022A300,CGVV
14040H105,COF
140475203,SNDA
140501107,CSWC
140543109,CWGIX
140543828,WGIFX
14057J101,CFFN
14064D444,SCEC
14064D485,NITE
14064D519,HTUS
14064D550,TACK
14068E208,CAPS
14070B309,CAPR
140755307,TVRD
140935107,CV
14147L108,CRDF
14149Y108,CAH
14154A102,CDNL
14159C111,CDIOW
14159C202,CDIO
14161W303,CDLX
14161Y200,CRDL
14167L103,CDNA
14167R100,CCLD
14174T107,CTRE
141788109,CARG
142038108,CRBU
14214M286,RJMI
142152107,CAI
14216J109,CABR
14216R101,CARM
142339100,CSL
14280C105,CARL
142922111,XAGEW
142922129,XAGE
143130102,KMX
14316J108,CG
143905107,CSV
14427M206,PRTS
144285103,CRS
14448C104,CARR
14575E105,CARS
146103106,CARE
146229109,CRI
146869102,CVNA
146875604,CARV
147448104,CWST
147528103,CASY
14808P109,CASS
14817C107,FLNA
14838T204,CTM
14843C105,CSTL
14888L101,CLST
148929102,CAVA
149123101,CAT
149150104,CATY
14915V106,CHYYY
149205106,CATO
149568107,CVCO
150837706,CVM
150838100,CGIP
150870103,CE
150964302,CENN
15101Q207,CLS
15102K100,CELC
15117B202,CLDX
15117F880,CLRB
15117K103,CLLS
15117N701,IMNN
15117X105,CLLNY
15118V207,CELH
151190204,CELU
15126Q208,CPAC
151290889,CX
15135B101,CNC
15135U109,CVE
15135U117,CVE-WS
15189T107,CNP
152006102,CGAU
15202L107,CSR
15234Q207,AXIAY
15236F100,AXICY
152413100,CBC
153436100,CEE
153527106,CENT
153527205,CENTA
154760409,CPF
15486W100,CPBI
155038201,CEPU
155123102,CET
155923105,CTRI
156431108,CENX
15643U104,LEU
156492100,CNTY
156504300,CCS
156727109,CRNC
15672X102,CISO
15672X201,CISO
15673T100,IPSC
15675D103,CBRS
15678C102,CBLL
15687V109,CERT
156944100,CGON
157085101,CERS
15713L109,CRVO
157210105,CEVA
15743P104,CHA
15746L100,CBNA
15870P307,CSBR
15961R303,CHPT
159765205,CTHRQ
159864107,CRL
16119P108,CHTR
16208T102,CLDT
163072101,CAKE
163075203,CMCM
16307X301,CTNT
163086101,CHEF
163092109,CHGG
16359R103,CHE
163851108,CC
16385C203,CMMB
164024101,CHMG
16411Q101,CQP
16411R208,LNG
164651101,CHMI
165167164,EXEEW
165167172,EXEEZ
165167180,EXEEL
165167735,EXE
165185109,CHKR
165303108,CPK
166764100,CVX
16679L109,CHWY
167239102,REFI
168088102,CVR
16842Q100,CSSEQ
16842Q134,CSSLQ
168905107,PLCE
168913507,CREG
168919108,CICHY
16934Q802,CIM
16935C109,CHYM
16936J202,CALIQ
169373107,XXCHNXX
16937R104,CIA
16941T401,CPHI
16942A302,CSUAY
16943S104,CRPJY
16943W204,ENFY
16947S100,CDGXY
16948W209,GGEI
169495108,CIADY
16954L204,COE
169656105,CMG
16965P202,IMOS
169905106,CHH
170386106,COFS
170924104,CHRN
171046105,CBKCQ
171077407,NAGE
171126204,PTHS
17133Q502,CHT
171340102,CHD
171484108,CHDN
17166A101,CBUS
171756117,DAICW
171756208,DAIC
171779309,CIEN
172062101,CINF
172406308,CNVS
17243V102,CNK
17248W113,CINGW
17248W303,CING
17253J106,CIFR
17253X105,CPHRF
172573107,CRCL
17259U204,CION
172755100,CRUS
17275R102,CSCO
172908105,CTAS
17290L106,CIIHY
172922106,CZNC
172967424,C
17304K102,CTPCY
17306X102,CTRN
17322U306,CTXR
17331Y109,CTOR
174610105,CFG
174615104,CZFS
174715102,CIZN
174740100,CIA
174903104,CZWI
177835105,CHCO
17878Y207,CVEO
178867107,CIVB
17888H103,CIVI
18270D106,CMTG
18270P109,CLAR
182744110,KIDZW
184492106,ZONE
184496107,CLH
184499101,CLNE
18452B118,CLSKW
18452B209,CLSK
18452H305,CETY
18453H106,CCO
18467V109,YOU
18469P209,EMO
18482P103,CLFD
185053600,CMND
185063203,CLM
185064201,CLIR
18506U203,CLRO
18507C103,CLPT
18538R103,CLW
18539C204,CWEN
185634110,CLNNW
185634201,CLNN
185899101,CLF
186760112,CLVRW
186760203,CLVR
187171111,CLIMW
18885T306,CLPR
18900M203,RAASY
189054109,CLX
18913Y103,GLV
18914C100,XGLQX
18914E106,GLO
18914F103,CLOV
18915M107,NET
18946Q101,CLPHY
189763204,CODX
18978H508,CNSP
18979T204,CNF
19046P209,CCB
19058X207,COSO
191098102,COKE
191216100,KO
191241108,KOF
19188J409,COCP
19188U206,CODA
192003200,TBIO
192005106,CDXS
19200A303,GDC
192108504,CDE
192176105,JVA
19239V302,CCOI
19240Q201,COGT
192422103,CGNX
19243B102,CGTX
192446102,CTSH
19247A100,CNS
19247G107,COHR
19247L106,RQI
19247L122,RQI-R
19247R103,RFI
19247U106,CSRIX
19247X100,XRNPX
19248A109,UTF
19248C105,LDP
19248P106,XFOFX
19248Y107,PSF
19249H103,CHRS
19249M102,COHN
19249Q103,RLTY
19249U104,CSRE
19249U302,CSNR
19249U500,CSIO
19249U609,CSEN
19249X108,PTA
192576106,COHU
19260Q107,COIN
193939105,CAUD
194014502,ENOV
194162103,CL
19423L441,RTRE
19423L458,NDOW
19423L524,SNAV
19423L540,RSEE
19423L573,GHTA
19423L581,RULE
19423L615,MFUL
19423L672,SPCK
19423L714,RTAI
19423L722,RDFI
19425C100,CNL
19459J104,COLL
194693107,CIGI
19623P101,CBAN
19624Y200,CLPBY
197236102,COLB
19761L508,DIAL
19761L607,MUST
19761L706,RECS
19761L748,CRUX
19761L755,REGS
19761L805,REVS
19761L854,EQIN
19761L862,INEQ
19761L870,SEMI
19761L888,SBND
19762B202,XCEM
19762B509,ECON
19762B707,INCO
19765Y688,UMLGX
19842X109,STK
198516106,COLM
199333105,CMCO
199908104,FIX
20030N101,CMCSA
200340107,CMA
20037C108,CMRA
20037C116,CMRAW
200525103,CBSH
20112C106,CBK
201723103,CMC
202608105,CVGI
202630208,CXIA
202712600,CMWAY
20337X109,VISN
20343A101,CMTV
203607106,CBU
203668108,CYH
20369C106,CHCT
203937107,CWBC
204149108,CTBI
204166102,CVLT
204280309,CODYY
204319107,CFRUY
204409601,CIG
204409882,CIG-C
20440W105,SID
20441A102,SBS
20441B704,ELPC
204429104,CCU
204448104,BVN
20451N101,CMP
20451Q104,CODI
20451W101,CMPS
20454B104,CMPX
20459V105,GPGI
20460L104,SPWR
20460L112,SPWRW
20464U100,COMP
20563P101,CIX
20564W204,SCOR
205650401,COMS
205684202,CHCI
205750409,LODE
205768302,CRK
205826209,CMTL
205887102,CAG
20602D101,CNXC
20603L102,CON
20607U108,CNDA
20607U116,CNDAW
20607U207,CNDAU
206277204,CCM
206704108,BBCP
206787103,CNDT
20678X114,CDTTW
207410101,CNMD
20786W107,CNOB
20825C104,COP
20848D105,CMSG
20848V105,CCSI
209115104,ED
210322103,SRHQ
210322202,SOVF
210322301,SRHR
210322566,ONEH
210322574,PAYM
210322582,PAYH
210322590,NPFE
210322608,ONEZ
210322673,CEFZ
210322681,JANZ
210322707,IDVZ
210322731,DIVZ
210322756,LRNZ
210322780,OCTZ
210322798,SEPZ
210322806,CBLS
210322814,AUGZ
210322822,JULZ
210322889,CBSE
21036P108,STZ
21037T109,CEG
21037X100,CNSWF
21044C107,ROAD
210502100,CPSS
210771200,CTTAY
21077F100,CTGO
21077P108,CNTX
21217B100,CTNM
212326409,CFRXQ
21240E105,VLRS
212873103,CNXX
212873111,CNXXW
216648501,COO
21676P103,CPS
217204106,CPRT
21833P301,CRBP
218352102,CORT
21867A105,CLB
218683100,CMT
21871N101,CXW
21871X109,CRBG
21873S108,CRWV
21874A106,CORZ
21874A114,CORZW
21874A130,CORZZ
21874C102,CNM
21874J206,CBIL
218937100,CNR
218946663,EUV
21900C308,CRMD
21924B302,CLM
21924U300,CRF
219350105,GLW
219798105,QDEL
21985R303,LUXHQ
219948106,CPAY
22002T108,CDP
22041X102,CRSR
22052L104,CTVA
22053A305,QNCX
221006109,CRVL
221015100,CRVS
22113B103,CSAN
221413305,COSM
22160K105,COST
22160N109,CSGP
222070203,COTY
22266M104,COUR
22266T109,CPNG
22275C105,PODC
222795502,CUZ
22284P105,CVLG
22407B108,COYA
22410J106,CBRL
224408104,CR
224441105,CXT
224633107,CRD-B
224633206,CRD-A
224916106,CIK
22528W205,FITX
22529Y408,CELZ
22530J309,CREX
225310101,CACC
225313105,CRARY
22539U602,USOI
22542D225,SLVO
22542D233,GLDI
22544F103,DHY
22544R305,CRSOX
225655109,CCAP
226406106,CRESY
226552107,CXDO
22658D100,CRCT
22662X100,CWGL
22663K107,CRNX
227046109,CROX
22717L101,CRON
22757R109,CRT
22758A105,CAPL
22767F103,CLCG
22788C105,CRWD
22822V101,CCI
228309100,CRWS
228368106,CCK
228895108,CCEL
228903100,AORT
22890A302,ORBS
229050307,CYRX
22948Q101,CTO
229663109,CUBE
22978P205,CUE
229790100,HLTHQ
229794110,CUENW
229794300,CUEN
229899109,CFR
230031106,CGEM
230153108,CULL
230215105,CULP
230770109,CPIX
231021106,CMI
231082801,CMLSQ
23126K106,CURX
23128Q101,CURB
23130Q107,CURI
231561101,CW
231631300,SRV
231647207,NXG
23204G100,CUBI
23204X103,CTOS
23248B109,CXAI
23248B117,CXAIW
23249H105,CYAB
23254L876,BGMS
23255M204,CYCN
23256X407,HELP
23257B305,CYN
23282W605,CYTK
23283X206,CTSO
23284F105,CTMX
23285D109,CTKB
23290B114,DHAIW
23291C103,BOOM
23292B104,HEPS
23292E108,DIDIY
23304Y100,DBSDY
233051101,DBEM
233051127,MIDE
233051135,KOKU
233051143,SNPE
233051150,USSG
233051192,EMCR
233051200,DBEF
233051218,EASG
233051226,EMCS
233051242,QARP
233051259,HYUP
233051267,HYDW
233051283,SHYL
233051432,HYLB
233051481,DEUS
233051507,DBJP
233051515,DEEF
233051630,HDEF
233051697,DBEZ
233051705,RVNU
233051754,ASHS
233051820,DBAW
233051846,HAUZ
233051853,DBEU
233051879,ASHR
23306J309,DBVT
23306X308,SNPG
23306X407,XOEX
23306X605,USCA
23306X803,PSWD
23306X811,TRSY
23306X829,XAIX
23306X837,NRES
23306X860,CRTC
23306X886,CHPS
233203371,DFIEX
23325P104,DNP
233276104,DMYY
233276112,DMYYW
233276203,DMYYU
23331A109,DHI
23331S100,DHX
233331107,DTE
23334J107,DTF
23335Q100,DLHC
233368109,KTF
233369107,DSC
233377407,DXPE
23341C103,DNBBY
23345M107,DTM
23355L106,DXC
233802107,DFKCY
23381B106,DKILY
233825207,MBGYY
233912104,DJCO
23405X209,DIFTY
234062206,DWAHY
234264109,DAKT
235825205,DAN
235851102,DHR
23636T100,DANOY
23666P200,DARE
23703Q203,DQ
237194105,DRI
23725P308,DRIO
237266101,DAR
237545108,DASTY
237690102,DAIO
23786R201,DTST
23804L103,DDOG
238116305,DTSS
23816M115,MYSEW
23816M206,MYSE
238337109,PLAY
23834J110,DAVEW
23834J201,DAVE
238661102,DTEAF
23908L108,DFNL
23908L207,DUSA
23908L306,DWLD
23908L405,DINT
23918K108,DVA
239360100,DWSN
239467103,DXR
243537107,DECK
243733508,TRUG
243927100,FISN
244199105,DE
24477E103,DH
24477V105,DFTX
244916102,DEFT
24610C857,DDVIX
24610T108,XVFLX
24610V103,XVMMX
24661P807,DCTH
24664T103,DKL
24665A103,DK
24703L202,DELL
247361702,DAL
247368103,DLAPQ
248019101,DLX
24823R105,DNLI
248356107,DNN
24906P109,XRAY
249845116,DRMAW
249845504,DRMA
24984K105,DMTKQ
249906108,DSGX
250565108,DBI
25056L103,DSGN
250639101,DSWL
25063F107,DXYZ
25065A502,DMA
25065K104,DXLG
251542106,DBOEY
25154H475,DYYXF
25154H558,DAGXF
25154H731,DGZ
25154H749,DGP
25154H756,DZZ
25154K841,BDDXF
25154K866,OLOXF
25155L293,FIEGF
25157M588,DCUAX
25157Y202,DHLGY
25158T608,SMLAX
25161M103,DTCWY
25179M103,DVN
252131107,DXCM
25239Y238,DFMC
25243Q205,DEO
25253X207,DMAC
25264S320,DHLX
25271C102,DON
252784301,DRH
25278X109,FANG
252828108,DNTH
253393102,DKS
253651103,DBD
253651202,DBD
253798102,DGII
25380B102,DGXX
25382K100,DMRC
25382T606,KUST
253868103,DLR
25400Q105,DJT
25400Q113,DJTWW
25400W102,APPS
25401T603,DBRG
25402D102,DOCN
254067101,DDS
25432X102,DCOM
25434V104,DFAU
25434V203,DFAI
25434V302,DFAE
25434V401,DFUS
25434V500,DFAS
25434V534,DEXC
25434V542,DXIV
25434V559,DXUV
25434V567,DGCB
25434V575,DFGX
25434V583,DFGP
25434V591,DUSB
25434V609,DFAT
25434V617,DFAW
25434V625,DCOR
25434V633,DFCA
25434V641,DFVX
25434V658,DFGR
25434V666,DFLV
25434V674,DFSB
25434V682,DFSE
25434V690,DFSI
25434V708,DFAC
25434V716,DFSU
25434V724,DFUV
25434V732,DFEM
25434V740,DFEV
25434V757,DEHP
25434V765,DIHP
25434V773,DFIS
25434V781,DISV
25434V799,DFIC
25434V807,DFIV
25434V815,DFSV
25434V823,DFAR
25434V831,DUHP
25434V849,DFNM
25434V856,DFIP
25434V864,DFSD
25434V872,DFCF
25434V880,DFAX
254423106,DIN
25445D101,DDL
254543101,DIOD
25459W102,TECL
25459W458,SOXL
25459W557,TYO
25459W565,TYD
25459W730,MIDU
25459W755,DRN
25459W847,TNA
25459W862,SPXL
25459W888,ERX
25459Y165,SPUU
25459Y207,QQQE
25459Y280,EURL
25459Y678,TMV
25459Y694,FAS
25459Y801,WANT
25459Y876,CURE
254604101,IRON
25460E125,TZA
25460E133,FAZ
25460E182,SOXS
25460E190,SPXS
25460E216,FAZ
25460E232,TZA
25460E240,FAZ
25460E281,MEXX
25460E307,COM
25460E364,WEBL
25460E547,EDZ
25460E554,ERY
25460E646,PILL
25460E661,DFEN
25460E679,TPOR
25460E711,UTSL
25460E737,DUSL
25460E836,SOXS
25460E844,NUGT
25460E869,SPDN
25460G120,LABU
25460G138,TMF
25460G146,EVAV
25460G153,DPST
25460G161,FNGG
25460G179,ERY
25460G187,CWEB
25460G195,YINN
25460G286,TSLL
25460G336,SOXS
25460G419,DRV
25460G500,GUSH
25460G609,ERX
25460G708,BRZU
25460G781,NUGT
25460G815,RETL
25460G823,UBOT
25460G831,JNUG
25460G849,TMV
25460G856,HIBL
25460L103,DSAQ
25460L111,DSAQW
25460L202,DSAQU
25461A106,METD
25461A163,MUD
25461A171,JDST
25461A189,DUST
25461A197,NVDD
25461A205,NFXS
25461A221,SHPU
25461A254,QCMD
25461A262,CSCS
25461A270,QCMU
25461A288,CSCL
25461A304,AAPD
25461A312,ELIL
25461A361,PALD
25461A379,PALU
25461A387,KORU
25461A403,MSFD
25461A411,AMUU
25461A429,PLTD
25461A445,PLTU
25461A452,BRKU
25461A460,YANG
25461A486,WEBS
25461A494,TECS
25461A502,AMZD
25461A528,MUU
25461A536,TSMZ
25461A544,TSMX
25461A551,AVS
25461A569,AVL
25461A643,URAA
25461A650,QQQU
25461A668,QQQD
25461A684,XXCH
25461A718,AIBU
25461A726,HCMT
25461A809,METU
25461A833,NVDU
25461A841,GGLL
25461A858,AMZU
25461A866,MSFU
25461A874,AAPU
25461A882,NFXL
25461H309,TSXU
25461H457,LOFF
25461H556,HIBS
25461H564,TSLS
25461H648,MRVU
25461H663,ASMU
25461H788,ORCS
25461H796,ORCU
25461H812,LINT
25461H820,HODU
25461H838,CONX
25461H853,LABD
25461H861,EDZ
25461H887,LMTL
25461T303,DRCT
254687106,DIS
25490H106,DRTTF
25490K281,EDC
25490K331,INDL
25490K521,TZA
25490K539,FAZ
25490K596,NAIL
25490K869,CHAU
25520W107,DEC
25525P107,DHC
25538A204,BXSY
255519100,DXYN
256086109,DCGO
25609L105,DCBO
256135203,RDY
256163106,DOCU
256206103,DODFX
25659T107,DLB
256677105,DG
256746108,DLTR
256827783,DVS
25686H308,DLPN
256918103,DTCX
25746U109,D
25754A201,DPZ
257554105,DOMO
257651109,DCI
257701201,DGICA
257701300,DGICB
257738203,DNFGY
25787G100,DFIN
25809K105,DASH
25820R105,DMLP
258278100,DORM
25861R105,DBND
25861R204,CAPE
25861R303,DCRE
25861R402,DMBS
25861R501,DCMT
25861R600,DFVE
25861R709,DMX
25861R808,DABS
25861R881,DSCO
258622109,DSL
258623107,DBL
25862B109,DDI
25862D105,DLY
25862V105,DV
25960P109,DEI
25960R105,PLOW
25961D105,DOUG
25985W204,DOYU
260003108,DOV
260557103,DOW
26142Q304,DPRO
26142V105,DKNG
26145B114,DFLIW
26145B403,DFLI
26152H301,DRD
26154D100,DFH
26205E107,DTI
26210C104,DBX
26210V102,DRVN
26251A108,DSDVY
26253C201,DSS
264147109,DCO
26433C105,DPG
26441C204,DUK
26443V101,DLTH
26603R106,DUOL
266042407,DUOT
26614N201,DD
26622P107,DOCS
26701L100,BROS
26740W109,QBTS
26745T101,DYAI
267475101,DY
268150109,DT
268157500,DYNTQ
26817Q886,DX
26818M108,DYN
268211109,DZSIQ
26824D829,HIS
26827L109,ECTM
26828M106,ECBK
268311107,FOCL
26853E102,EH
26856L103,ELF
268603107,LOCO
26873J107,EMX
26874R108,E
26875P101,EOG
268826104,EQLB
26884H207,ERUC
26884L109,EQT
26884U109,EPR
26886A119,EQHAW
268948106,EGBN
268961331,ASD
268961505,BGDV
268961851,OCTB
268961869,JULB
268961885,JANB
26916J114,GWHWW
26916J205,GWH
26922A131,PIFI
26922A198,PFLD
26922A222,ACIO
26922A230,HOMZ
26922A248,NETL
26922A263,ZIG
26922A289,UFOX
26922A297,VEGN
26922A321,DSTL
26922A388,DRSK
26922A404,VIDI
26922A420,QTUM
26922A446,OSCV
26922A453,OPER
26922A503,VUSE
26922A511,PPTY
26922A594,SPDV
26922A602,VBND
26922A701,DEEP
26922A719,GOAU
26922A727,OCIO
26922A784,ADME
26922A842,JETS
26922B105,MSTB
26922B378,RKNG
26922B394,JEDI
26922B410,WAR
26922B477,SAWG
26922B493,TBFC
26922B501,DSTX
26922B519,TBFG
26922B527,BGIG
26922B535,DUBS
26922B642,JUCY
26922B667,DSMC
26922B683,TRFM
26922B709,IDUB
26922B725,GFOF
26922B733,MSTQ
26922B774,MSMR
26922B832,SMIG
26922B840,RIET
26922B865,SEA
26923G202,BBP
26923G301,BBC
26923G400,PFFR
26923G707,NFLT
26923G772,AMZA
26923G780,VRAI
26923G798,VPC
26923G806,UTES
26923G822,PFFA
26923N108,ACVF
26923N173,MSTU
26923N181,TSLZ
26923N199,NVDQ
26923N215,DOJE
26923N231,XRPR
26923N249,SSK
26923N280,RBLU
26923N306,FORH
26923N389,ROBN
26923N397,RAA
26923N405,VSLU
26923N413,MSTZ
26923N439,CEPI
26923N447,NFLU
26923N470,ILS
26923N504,KONG
26923N512,FCTE
26923N538,AIPI
26923N553,TSPY
26923N579,MSFX
26923N595,GOOX
26923N629,AAPX
26923N637,BWTG
26923N660,DYFI
26923N702,KDRN
26923N744,FEPI
26923N801,WLTG
26923N819,NVDX
26923N835,TSLT
26923N876,CVAR
26923Q127,GLDB
26923Q218,SBTU
26923Q275,CIFU
26923Q416,HEFT
26923Q424,HELS
26923Q432,AQEC
26923Q457,CRCD
26923Q465,CORD
26923Q499,TTDU
26923Q515,KTUP
26923Q549,AFRU
26923Q580,GLXU
26923Q614,CCUP
26923Q655,CRWU
26923Q713,SNOU
26923Q721,GMEU
26923Q739,HGRO
26923Q747,HECA
26923V415,RAM
26923V431,SPAX
26923V597,FOTO
26923V621,SMUP
26923V878,AXTU
26923W108,IVSS
26923W215,SNDU
26923W298,UFOD
26923W827,MEMY
26929N102,EVI
26942G100,EBMT
269451100,XXGRFXX
26951R104,EFSI
26969P108,EXP
269710109,NUCL
269710117,NUCLW
269796108,EGRX
269808101,ECC
269817102,EIC
269906202,EGPLF
27005A105,EROK
27030F202,PDC
27579R104,EWBC
27616P301,DEA
27627N105,EBC
276317104,EML
277276101,EGP
277432100,EMN
277461406,KODK
277774105,EAPH
277802500,BLNE
277923728,EIGMX
27826F101,CEV
27826L454,ETORX
27826S103,EVF
27826U108,EVN
278274105,EOI
278277108,EOS
278279104,EFT
27827X101,EIM
27827Y109,XENWX
27828A100,XEVMX
27828G107,XEVTX
27828H105,XEVVX
27828N102,XETYX
27828Q105,XEFRX
27828S101,ETG
27828U106,ETO
27828V104,XEVGX
27828X100,ETB
27828Y108,ETV
27829C105,ETW
27829F108,XEXGX
27829G106,ETJ
27829L105,EOT
27829U105,ETX
27831H100,XEFLX
278642103,EBAY
278768106,ECHO
278865100,ECL
27887T107,GYSLF
27888N406,ROII
27900N103,WAVE
27901F109,XTEAX
279158109,EC
27923Q109,ECVT
27966L306,EDSA
28035Q102,EPC
28036F105,EWTX
28059P113,EDBLW
281020107,EIX
28106W103,EDIT
281479105,EDUC
28176E108,EW
28202V116,EFTRW
28202V207,EFTR
28225C806,EGAN
28238P109,EHTH
28252C208,POLCQ
28253R105,BCOW
282564103,EIKN
28256A109,ENRD
28256A117,ENRDW
28258A107,ESAIY
282914100,EGHT
28414H103,ELAN
28417M109,ELWT
28474P706,ELBM
28489L104,ELMSQ
28489L112,ELMWQ
284902509,EGO
285046108,ELIQQ
285046116,ELIWQ
28531P202,ECOR
285409108,ELMD
28617B606,ELVA
28617K101,ELDN
28618M106,ESI
28620K106,ELE
28657F103,ELTX
28658R106,CLYM
28659T200,ELTP
28661C104,ETS
28852N109,EFC
288578107,EARN
289074106,ECF
289395105,ELMT
290734102,ELYS
29081P204,AKO-A
29081P303,AKO-B
29082A107,EMBJ
29082K105,EMBC
29084Q100,EME
290876101,EMA
29089Q105,EBS
291011104,EMR
29103K100,FLD
29103K118,FLDDW
291087203,MSN
291525400,EMMS
291843407,EMLAF
292034303,EP
292102100,ESBA
292102209,OGCP
292102308,FISK
292104106,ESRT
292218104,EIG
29244A102,EDN
29249E109,ACT
29250N105,ENB
29251M106,ENTA
292554102,ECPG
29258Y103,EXK
29259W700,EU
29260V105,DAVA
29261A100,EHC
292671708,UUUU
29268T508,EFOI
29269R105,EFXT
29270J100,ERII
29271Q103,ESOA
29272C301,WATT
29272W109,ENR
29273B500,NDRA
29273V100,ET
29275Y102,ENS
292765104,EPAC
29278D105,ENIC
29280W109,NRGV
29286X101,ENGN
29286X119,ENGNW
29287L106,VOTE
29287L205,PWRD
29287L304,SUPP
29287L502,AIFD
29287L601,GRW
29287L700,FLXR
29287L809,SLNZ
29287L841,IGCB
29287L858,ACLO
29287L874,HYBX
29333R107,ENHA
29337E102,ELVN
293389102,EBF
29350E302,LNAI
29355A107,ENPH
29355X107,NPO
29357K103,ENVA
29358P101,ENSG
29358Y201,ENSV
293594107,ENVX
29359T102,ESNC
293602504,ENSC
293603106,GMVHY
29362U104,ENTG
29364G103,ETR
293712105,EFSC
293792107,EPD
293828877,XOVR
29382R107,EVC
29384C108,TRDA
29384J103,ERLFF
29385B109,EGLXF
29390K102,NVRI
29402E102,ELA
29405E505,ENVB
29414B104,EPAM
29414V308,AZIO
29415C101,EOSE
29415F104,NVST
29415J205,NVNO
29415V109,COCH
29415V117,COCHW
294268107,PLUS
29430C102,VSTS
294375209,EPSN
294429105,EFX
29444U700,EQIX
29445S100,EQPT
29446K106,EQ
29446M102,EQNR
29446Y502,EQX
29448T105,EQFN
29452E101,EQH
29460X109,EQBK
29472R108,ELS
294766100,EQS
29476L107,EQR
29479A108,ERAS
294821608,ERIC
29530P102,ERIE
295625107,ERINQ
296006109,ERO
296013105,EROC
296036304,EBKDY
296056104,ESCA
29605J106,ESAB
296074305,ESMC
296315104,ESE
296424104,ESHA
296424112,ESHAR
296650104,ESP
29667J101,ESQ
29667K132,GMBLZ
29667K603,GMBL
29670E107,EPRT
29670G102,WTRG
297178105,ESS
297284200,ESLOY
297584104,ESLA
297584112,ESLAW
297602104,ETD
29765A101,LIFE
29772L108,ETON
29786A106,ETSY
29788T111,ETWOW
29842P105,EPRX
298736109,EEFT
29875E100,AEPFX
298768102,EEA
29882P106,EWCZ
298892209,GOAI
29970N104,EVEX
29970N112,EVEX-WS
29970R303,EVAX
299734202,EVLO
299766204,EVKG
29977A105,EVR
29977X105,EVCM
29978K102,EVCO
29978K110,EVCOW
29978K201,EVCOU
30034W106,EVRG
30040P103,EVTC
30040W108,ES
30041R108,EVER
30041T104,MRAM
300426103,ECG
30049A107,EPM
30049H102,EVLV
30049R209,EVOL
30050B101,EVH
30050E105,EVO
30052C107,EOLS
30052F100,EVGO
30054B107,EMAT
30054Y107,EVMN
30063P105,EXK
30068X103,XGN
30069C801,EXNRF
30069T101,EE
301505343,BLTD
301505350,BLST
301505368,BDBT
301505376,BINT
301505384,BLUX
301505392,BVAL
301505418,BLGR
301505467,COAL
301505475,NUKZ
301505483,MUSQ
301505558,INQQ
301505590,FMQQ
301505616,SXQG
301505665,SIXH
301505673,SIXS
301505681,SIXA
301505699,SIXL
301505707,ROBO
301505723,HTEC
301505731,THNQ
301505889,EMQQ
30150P109,EXCOF
30151E491,KDEF
30151E525,SHUS
30151E533,SSPY
30151E541,BCIL
30151E558,BCUS
30151E566,LQAI
30151E624,CLSM
30151E715,TDSC
30151E723,TDSB
30151E780,AMOM
30151E806,CEFS
30161N101,EXC
30161Q104,EXEL
30162V805,XELA
30190A104,FG
30205M101,XCUR
30205M309,XCUR
302081104,EXLS
30209R106,EXOD
30212P303,EXPE
30212W100,AGNT
302130109,EXPD
30214U102,EXPO
30215C101,EXPGY
30219Q106,EXFY
30222R109,EXROF
30225T102,EXR
30226D106,EXTR
30227J102,XTRM
302301106,EZPW
30231G102,XOM
30231H100,ICTY
30233G209,EYPT
30233T102,EXYN
30233T110,EXYNW
30234E203,HYPD
30234F101,XZO
302491303,FMC
302492103,FLYW
302520101,FNB
30254T577,FPAG
30255M100,FBEC
30257X104,FBK
30260D103,FIGS
30260M103,FFBW
302635206,FSK
30263Y104,FSBW
30290Y101,FSCO
30292L107,FRPH
302933304,FMIJX
302941109,FCN
30303M102,META
303075105,FDS
30320C103,FTCI
30320C301,FTCI
303250104,FICO
30329Y403,FGNX
30347G103,FAC
30347G111,FACWW
303901102,FRFHF
306121104,FBYD
306121112,FBYDW
30711Y300,SFUNY
30712L307,DUO
307305102,FANUY
30744W107,FTCHQ
30779N105,FMAO
309627107,FMNB
31154R109,FPI
31188V100,FSLY
31189P102,FATE
31189V109,FTHM
311900104,FAST
311921100,FATN
313148108,AGM-A
313148306,AGM
313400301,FMCC
313586109,FNMA
313745101,FRT
313855108,FSS
31420C811,FMUCX
314211103,FHI
31421N881,SVALX
31423L305,FDV
31423L404,FTRB
31423L503,FLCC
31423L602,FSCC
31423L701,FLCV
31423L800,FLCG
31423L875,MKTN
31423P108,FMN
31425A109,FBLA
31428X106,FDX
314352105,FDXF
31447E204,FEMY
31447P100,FENC
31488V107,FERG
314911108,FRMI
31556C106,FRVO
315616102,FFIV
31561T102,AIEV
31572Q881,KYNB
31573L204,FBLG
315912808,ONEQ
315918391,FELAX
315920280,FAMKX
315948109,FBTC
316048107,FTEXX
316067107,FDRXX
316069574,FSAAX
316071109,FCNTX
31607A703,FRGXX
316092113,FELC
316092121,FDIF
316092139,FDTX
316092147,FMED
316092154,FDFF
316092162,FDCF
316092170,FBOT
316092188,FMET
316092196,FDIG
316092204,FDIS
316092212,FSYD
316092220,FDRV
316092246,FCLD
316092253,FRNW
316092261,FPFD
316092295,FFSM
316092303,FSTA
316092311,FPRO
316092329,FMAG
316092337,FFLG
316092345,FBCV
316092352,FBCG
316092360,FFLC
316092378,FLRG
316092386,FCPI
316092402,FENY
316092501,FNCL
316092527,FSMD
316092535,FDEV
316092543,FDEM
316092600,FHLC
316092618,FDHY
316092709,FIDU
316092717,FIVA
316092725,FIDI
316092782,FVAL
316092790,FQAL
316092808,FTEC
316092816,FDMO
316092824,FDLO
316092832,FDRR
316092840,FDVV
316092857,FREL
316092865,FUTY
316092873,FCOM
316092881,FMAT
31609A107,FELV
31609A206,FESM
31609A305,FELG
31609A404,FENI
31609A503,FMDE
31609A602,FFLV
31609A701,FEAC
31609A800,FEMR
31609A818,FSEV
31609A842,FEMG
31609A867,FFEM
31609A875,FFGX
31609A883,FFDI
31609R100,FDBC
31613E103,FETH
316145887,FSDIX
316146356,FXNAX
31617H102,SPAXX
31617H805,FZDXX
31617R506,FFFCX
31617R605,FFFDX
31617R704,FFFEX
316188101,FCOR
316188200,FLTB
316188309,FBND
316188408,FLDR
316188606,FIGB
316188705,FSEC
316188846,FMUN
316188853,FMUB
316188879,FTBD
316200104,FDGRX
31620M106,FIS
31620R303,FNF
31624J729,FYEE
31624J745,FHEQ
316345107,FPURX
316345305,FLPSX
316389303,FBGRX
316390301,FSPHX
316390772,FBIOX
316390863,FSELX
316390889,FSCHX
31641G104,FSOL
316423102,FTRNX
316500107,FDUS
316570100,FPPP
316773100,FITB
316841105,FIG
316926104,FDSB
31738L206,FOA
317585404,FISI
31761T886,CCNR
31773D200,FNCHQ
31788K108,FNGR
317970101,AIFF
31810T101,FINV
31812F109,FNWD
31813A109,FINW
31816X106,FLY
318457108,FACO
31846B108,FA
31847R102,FAF
31866P102,FNLC
318672706,FBP
318910106,FBNC
31931U102,FRBA
319383204,BUSE
319390100,FBIZ
31942S104,FCAP
31943F200,FCBM
31946M103,FCNCA
319829107,FCF
319835104,FCCO
31983A103,FCBC
32008F606,SGIIX
32012B104,USFE
32012B203,FEMD
320209109,FFBC
32020R109,FFIN
320218100,THFF
32026V104,FFWM
32043P106,FGBI
320517105,FHN
32051X108,FHB
32054K103,FR
320551104,DIBS
320557101,INBK
32055Y201,FIBK
320703119,CLDWW
32076V103,AG
320817109,FRME
320866106,FMBH
32106V107,FXNC
335834107,FNWB
335925103,FNRN
335934105,FQVLF
33616C100,FRCB
33621E109,FSFG
33631F104,FSEA
336433107,FSLR
336901103,SRCE
336917109,FDL
336920103,FPX
337185102,TRAX
33718M105,FDM
33718W103,FPF
33719L106,EKG
337318109,FFA
33731K102,XFEOX
33733A201,EDOW
33733B100,FIW
33733C108,FAB
33733E104,FTCS
33733E203,FBT
33733E302,FDN
33733E401,QQXT
33733E500,QCLN
33733E666,BFJA
33733E674,BFOC
33733E682,BFJL
33733E708,FTDS
33733E724,DFII
33733E732,WCMI
33733E740,WCME
33733E773,BFAP
33733E799,FCFY
33733E807,FCG
33733E815,FTIF
33733E823,FTGS
33733E831,MISL
33733E849,BGLD
33733E856,IGLD
33733E872,FCTR
33733F101,FAD
33733U108,FCT
337344105,QQEW
337345102,QTEC
33734E103,FMY
33734G108,FRI
33734H106,FVD
33734K109,FEX
33734X101,FXD
33734X119,FXG
33734X127,FXN
33734X135,FXO
33734X143,FXH
33734X150,FXR
33734X168,FXZ
33734X176,FXL
33734X184,FXU
33734X192,SKYY
33734X200,FGD
33734X309,CARZ
33734X713,FMTL
33734X739,FAI
33734X747,FTHF
33734X754,EMDM
33734X762,ARVR
33734X770,FDNI
33734X788,FPXE
33734X812,FTAG
33734X838,FTRI
33734X846,CIBR
33734X853,FPXI
33734Y109,FYX
33735B108,FNX
33735J101,FTA
33735K108,FTC
33735T109,FDD
33736G106,FAN
33736M103,RBLD
33736N101,DTRE
33736Q104,QABA
33737A108,GRID
33737J109,FPA
33737J117,FEP
33737J125,FLN
33737J141,FCA
33737J158,FJP
33737J174,FDT
33737J182,FEM
33737J190,FGM
33737J224,FKU
33737J232,FSZ
33737J307,FEMS
33737J406,FDTS
33737J505,FEUZ
33737J802,NFTY
33737K205,NXTG
33737M102,FNY
33737M201,FNK
33737M300,FYC
33737M409,FYT
33738D101,EMLP
33738D309,FTSL
33738D408,HYLS
33738D606,LGOV
33738D705,FPWR
33738D713,FGSI
33738D721,LTTI
33738D739,HYTI
33738D747,LQTI
33738D762,CAAA
33738D770,SCIO
33738D788,FTCB
33738D796,FIIG
33738D804,FSIG
33738D812,TDVI
33738D820,SDVD
33738D838,MGOV
33738D846,DOGG
33738D879,RDVI
33738R100,MDIV
33738R118,TDIV
33738R308,FTHI
33738R407,FTQI
33738R506,RDVY
33738R563,DGLO
33738R571,FTBI
33738R589,FTKI
33738R597,FTCE
33738R605,FV
33738R613,EMOT
33738R621,RND
33738R639,MDEV
33738R647,BNGE
33738R662,FICS
33738R688,FID
33738R696,DDIV
33738R704,AIRR
33738R712,DALI
33738R720,ROBT
33738R738,KNGZ
33738R746,FSGS
33738R753,FSCS
33738R761,SHRY
33738R779,RNEM
33738R795,FTXR
33738R811,FTXL
33738R829,ISHP
33738R837,FTXH
33738R845,FTXN
33738R852,FTXG
33738R860,FTXO
33738R878,FVC
33738R886,IFV
33739E108,FPE
33739G103,FMF
33739H101,FTGC
33739H200,ESBG
33739N108,FMB
33739P103,FTLS
33739P202,FEMB
33739P301,FMHI
33739P608,RFDI
33739P707,RFEM
33739P822,FMNY
33739P830,FSMB
33739P855,FPEI
33739P863,FCAL
33739P871,HDMV
33739P889,HUSV
33739Q200,LMBS
33739Q309,HISF
33739Q408,FTSM
33739Q507,FCVT
33739Q705,KNG
33739Q804,EIPX
33740D107,XFDEX
33740F128,QMFE
33740F136,OCTM
33740F144,UXOC
33740F151,QCOC
33740F169,BUFY
33740F177,TSEP
33740F185,RSSE
33740F193,QMAG
33740F219,QCJL
33740F227,RSJN
33740F235,XIJN
33740F243,BUFS
33740F250,XMAY
33740F268,QMMY
33740F276,EIPI
33740F284,QCAP
33740F292,SFEB
33740F318,XJAN
33740F326,XIDE
33740F334,XNOV
33740F342,SNOV
33740F367,XOCT
33740F375,XISE
33740F383,AGQI
33740F391,XAUG
33740F409,FCEF
33740F417,SAUG
33740F425,XJUL
33740F433,GJUN
33740F441,GMAY
33740F458,GAPR
33740F466,SMAY
33740F474,XMAR
33740F482,GMAR
33740F490,LALT
33740F508,MFLX
33740F516,GJAN
33740F540,CRPT
33740F557,QJUN
33740F565,ILDR
33740F573,YMAR
33740F581,QMAR
33740F599,FMAR
33740F615,DMAR
33740F623,FJAN
33740F631,DJAN
33740F649,QDEC
33740F656,YDEC
33740F664,FOCT
33740F672,DOCT
33740F680,DSEP
33740F698,DJUL
33740F714,DJUN
33740F722,FJUN
33740F730,DMAY
33740F748,FMAY
33740F755,BUFR
33740F763,FFEB
33740F771,DFEB
33740F789,AFGR
33740F797,AFSM
33740F805,FIXD
33740F813,AFMC
33740F821,AFLG
33740F839,DNOV
33740F847,FNOV
33740F854,DAUG
33740F862,FAUG
33740F870,LDSF
33740F888,UCON
33740J104,FUMB
33740J203,NTRL
33740U109,DEED
33740U208,FJUL
33740U240,DQJN
33740U265,DGAP
33740U273,DLFE
33740U281,DGOC
33740U307,FSEP
33740U315,DLAG
33740U323,UXJL
33740U349,TJUN
33740U356,MAYM
33740U364,UXAP
33740U372,APXM
33740U380,TMAR
33740U398,RSMR
33740U406,DDEC
33740U422,FEBM
33740U430,UXJA
33740U448,QCJA
33740U455,JANM
33740U463,SQMX
33740U471,TDEC
33740U489,RSDE
33740U497,DECM
33740U505,FDEC
33740U513,QMNV
33740U521,NOVM
33740U539,FHDG
33740U547,DHDG
33740U554,SEPM
33740U562,AUGM
33740U570,JULM
33740U588,JUNM
33740U596,XAPR
33740U612,MARM
33740U620,XIMR
33740U638,XFEB
33740U653,GAUG
33740U661,GJUL
33740U679,GDEC
33740U687,GNOV
33740U695,GOCT
33740U703,BUFD
33740U711,GSEP
33740U729,BUFZ
33740U737,GFEB
33740U752,BUFQ
33740U760,BUFT
33740U778,BUFG
33740U786,XDEC
33740U794,MMSC
33740U802,DAPR
33740U810,XSEP
33740U828,YSEP
33740U836,QSPT
33740U844,XJUN
33740U851,XPND
33740U869,YJUN
33740U885,FAPR
33740Y101,FAAR
33741H107,FUNC
33741L108,DVOL
33741L207,DVLU
33741Q107,FTHY
33741X102,SDVY
33741X201,LEGR
33741X300,IDVY
33741Y100,HSMV
33744U105,BUFH
33744U204,BUFX
33744U303,FBDC
33744U402,DLNV
33744U600,DLMY
33744U709,BFXU
33744U881,BFEW
33744V103,FUSB
33748L101,FWRG
33749P507,GRDX
33751L105,MYFW
337655112,NOTEW
337655302,NOTE
33766Y100,SVVC
33767E202,FSV
33767U107,FSUN
33768G107,FCFS
337738108,FISV
337932107,FE
337959100,PRAY
337959407,BRIB
33817P405,FTLF
33829M101,FIVE
338307101,FIVN
33830Q208,FEAM
33830T103,FSBC
33833Q106,FPH
33833X101,FPLSF
338478100,XFFCX
338479108,FLC
338480106,PFD
338487101,FLMP
33848E106,PFO
33848W106,DFP
338517105,BDL
339382103,FLXS
33938T104,FSI
33939J303,FPAYQ
33939L100,TILT
33939L308,TLTE
33939L407,GUNR
33939L506,TDTT
33939L571,FEIG
33939L597,FEDM
33939L605,TDTF
33939L613,FEUS
33939L639,QLVE
33939L647,QLVD
33939L654,QLV
33939L662,HYGV
33939L670,BNDC
33939L688,ESGG
33939L696,ESG
33939L746,QLC
33939L753,LKOR
33939L761,SKOR
33939L779,MBSD
33939L787,GQRE
33939L795,NFRA
33939L803,TLTD
33939L829,IQDY
33939L837,IQDF
33939L845,QDEF
33939L860,QDF
33939L886,RAVI
339750101,FND
342909108,FLOC
343389409,FTK
343412102,FLR
343498101,FLO
34354P105,FLS
34379V103,FLNC
34380C201,FLNT
34385P108,LAB
343927307,FLYE
343928107,FLYX
343928115,FLYX-WS
344057302,FLUX
344174107,FHTX
34417J609,FCUV
344419106,FMX
344437405,FOA
34520K105,FRBT
345370860,F
34546R118,FMSTW
34547F105,FMST
346232101,FOR
34629L202,FRGE
34630N106,FORA
34631F102,FPS
346375108,FORM
346414105,FORTY
346563109,FORR
349381103,FIGR
349553107,FTS
34959A206,FSUGY
34959E109,FTNT
34959J108,FTV
34960Q307,FBIO
34962G208,FBRX
34964C106,FBIN
34964G115,FVTAW
34965K107,FTRE
34984V209,FET
34986A104,FWRD
34988V106,FOSL
349932103,FWDI
349942102,FSM
350060109,FSTR
35086T109,FCPT
35088F107,FORL
35088F115,FORLW
35088F206,FORLU
35101A309,FEDU
351038104,CATV
35104E100,FDMT
35137L105,FOXA
35137L204,FOX
35138V102,FOXF
351471115,FOXOW
351665104,FOXX
351665112,FOXXW
351676101,FOYJ
35168W103,GUTS
351858105,FNV
35243J101,FBRT
352519888,FRCZX
353469109,FC
353496300,FKINX
353496805,FCISX
353496847,FRIAX
353506108,FTSD
353514102,FELE
35351J109,EZET
353525108,FRAF
353612401,FISEX
353825102,FRDPX
353825805,FRDAX
354613101,BEN
354646101,SOEZ
35471R106,FSP
354723140,FMDZX
35472T101,FTF
35473M105,FGDL
35473P108,DIVI
35473P207,DIEM
35473P306,UDIV
35473P322,FSML
35473P363,FRIZ
35473P371,XIDV
35473P389,XUDV
35473P397,WABF
35473P405,USPX
35473P413,USFI
35473P421,FFOG
35473P439,INCM
35473P462,DVAL
35473P470,XDAT
35473P488,FLGV
35473P496,FLUD
35473P504,INCE
35473P512,IQM
35473P520,HELX
35473P538,BUYZ
35473P546,FLSP
35473P553,FLCB
35473P561,FLLA
35473P587,FLSA
35473P595,FLBL
35473P603,FLCO
35473P611,FLIA
35473P629,FLHY
35473P637,FLJH
35473P645,FLEU
35473P652,FLEE
35473P660,FLAX
35473P678,FLGB
35473P686,FLTW
35473P694,FLSW
35473P710,FLKR
35473P736,FLMX
35473P744,FLJP
35473P769,FLIN
35473P785,FLGR
35473P801,FLQL
35473P819,FLCH
35473P827,FLCA
35473P835,FLBR
35473P843,FLAU
35473P850,FLMB
35473P868,FLMI
35473P876,FLQS
35473P884,FLQM
354921108,EZBC
355145103,FT
355184102,FKWL
355233107,XRPZ
35632L303,CAST
356390104,FRHC
35671D857,FCX
357023100,RAIL
358010106,FEIM
358029106,FMS
358039105,FRPT
358054104,FRSH
35834F104,TE
358435105,FRD
35905A109,FTDR
35909R108,ULCC
35922N100,FVR
359523107,FTEK
35952H700,FCEL
35952Q106,FUPBY
35953C106,FIP
35953D401,FUBO
359616109,FULC
359664109,FLGT
359678109,FLL
359694106,FUL
35969L108,YMM
360271100,FULT
360802821,FINFX
360852107,VCX
360876809,XCOR
360876866,XFLX
360876874,XRLX
360876882,XNAV
36087T379,PCEB
36087T395,PCLG
360948103,MEHA
361008105,FNKO
36116M106,FF
36117T100,FURY
36118L106,FUTU
36118R103,FUSE
36118R111,FUSEW
36119D103,FTII
36119D111,FTIIW
36119D202,FTIIU
36120Q101,FVCB
361438104,GAMI
361448103,GATX
36151G709,INBS
361570104,GDL
36162J106,GEO
36164V602,GLIBA
36164V800,GLIBK
36165A102,JOB
36165L108,GDS
36166F100,GBFH
36168Q104,GFL
36170N107,GCTS
36170N115,GCTS-WS
362273104,GCEC
3622AW502,GRI
36237H101,GIII
362395501,GABIX
362397101,GAB
362397226,GAB-R
36239Q109,GGT
36240A101,GUT
36240B109,GCV
36241U106,GSIT
36242H104,XGDVX
36242L105,GLU
36246K103,GRX
36249W104,GGZ
36254L308,GTBP
36257Y109,GOTU
36261K103,LOPP
36261K202,GGRW
36261K301,GGTL
36261K400,GABF
36261K509,GCAD
36261K707,GBHI
36261K806,KDVD
36261K889,GOLS
36262G101,GXO
36266G107,GEHC
36269B105,GANX
36269P104,GAIA
36315X101,LKFT
36317J209,GLXY
36318L203,GXYYY
36318P105,GLXZ
363225202,GALT
36352H100,GAU
363576109,AJG
36465A109,GGN
36465E101,GNT
36467J108,GLPI
36467W109,GME
36467W117,GME-WS
36468G103,GAME
36472T109,TDAY
364760108,GAP
366505105,GTX
366651107,IT
36828A101,GEV
36831E108,GCMG
36831E116,GCMGW
36850R113,GLSWQ
36850R204,GLSHQ
36866J105,GEMI
368678108,GENC
36870C104,GENK
36870F107,GNLKQ
36870H103,GNLX
36870W100,GNTA
36872P103,GNSS
368736104,GNRC
368802104,GAM
369550108,GD
369604301,GE
369759204,CITR
370334104,GIS
37045V100,GM
370920100,GENB
37149D113,GIPRW
37149G108,GBNY
371532102,GCO
37185X106,GENNQ
371901109,GNTX
371924101,GNOLF
371927104,GEL
372279109,GNFTY
372284208,GNE
37229T509,TOON
372303206,GMAB
372427401,GNCAQ
372460105,GPC
37247D106,GNW
37253A103,THRM
37364X109,GEOS
373678705,GOVX
373737105,GGB
373865104,GABC
374163103,GERN
374275105,GETY
37427G101,GETR
374297109,GTY
374396406,GEVO
374689107,ROCK
375558103,GILD
375916103,GIL
37611X118,DNABW
37611X209,DNA
37636P108,GVDNY
37637K108,GTLB
37637Q105,GBCI
376535878,GLAD
376536108,GOOD
376546107,GAIN
376549101,LAND
377130406,GLAS
377185202,GLAE
377322102,GKOS
37733W204,GSK
377407101,GLBZ
37827X100,GLNCY
37890B100,GBTG
37891B109,GLBR
37892C106,GGRP
37892E102,GIC
37892F208,GLLIU
37892P107,HGAS
37892P115,HGASW
378973507,GSAT
379378201,GNL
37940X102,GPN
379463102,GWRS
37946R109,GLP
37949E204,GLTVF
37950A109,GLEC
37950E101,NORW
37950E259,ARGT
37950E291,DIV
37950E333,SPFF
37950E341,GURU
37950E408,CHIQ
37950E416,SOCL
37950E648,ASEA
37954A303,XRN
37954Y137,HEAL
37954Y186,AQWA
37954Y194,ONOF
37954Y236,DTCR
37954Y269,QYLG
37954Y277,XYLG
37954Y293,MLPX
37954Y319,GREK
37954Y327,COLO
37954Y343,MLPA
37954Y350,EMBD
37954Y368,CEFA
37954Y376,PFFV
37954Y384,BUG
37954Y392,HERO
37954Y418,GXDW
37954Y442,CLOU
37954Y459,RYLD
37954Y467,EBIZ
37954Y475,XYLD
37954Y483,QYLD
37954Y491,DAX
37954Y574,AUSF
37954Y616,QDIV
37954Y624,DRIV
37954Y632,AIQ
37954Y657,PFFD
37954Y673,PAVE
37954Y699,EFAS
37954Y715,BOTZ
37954Y731,CPTL
37954Y764,MILN
37954Y772,AGNG
37954Y780,SNSR
37954Y806,ALTY
37954Y814,FINX
37954Y830,COPX
37954Y848,SIL
37954Y855,LIT
37954Y863,GOEX
37954Y871,URA
37954Y889,CATH
37955N106,SELF
379577208,GMED
379598105,GLOO
37959E102,GL
37959R103,GBLI
379606106,GLRI
37960A107,XTR
37960A164,AUAU
37960A172,LNGX
37960A180,RNRG
37960A206,XRMI
37960A214,GNOM
37960A222,CTEC
37960A230,CHPX
37960A263,GXPE
37960A271,GXPS
37960A289,GXPT
37960A297,GXPC
37960A305,XCLR
37960A313,GXPD
37960A321,TLTX
37960A339,GXIG
37960A347,BCCC
37960A370,ZAP
37960A404,QTR
37960A412,SLDR
37960A420,HYDR
37960A438,CLIP
37960A453,RSSL
37960A479,MLPD
37960A487,BTRN
37960A503,QRMI
37960A511,DYLG
37960A529,SHLD
37960A552,NDIA
37960A560,BRAZ
37960A578,FLOW
37960A602,QCLR
37960A636,EMM
37960A644,EMC
37960A651,SRET
37960A669,SDIV
37960A677,SDEM
37960A727,BITS
37960A735,BKCH
37960A743,TYLG
37960A776,RYLG
37960A784,RATE
37960A792,IRVH
37960A859,DJIA
37960A867,EART
37960A883,VNAM
37960P104,GSTC
37966B109,ZCBA
37966B208,ZCBB
37966B307,ZCBC
37966B406,ZCBE
37966B505,ZCBF
37966B604,ZCBG
37966B703,COMD
37966B760,RMHY
37966B778,ORBX
38013D106,GMRS
38013E203,GNCP
38019R109,GSLO
38021H107,PUCK
38021H115,PUCKW
38021H206,PUCKU
380237107,GDDY
38046C109,GOGO
38059T106,GFI
38071H106,GROY
38071H122,GROY-WS
381013101,GDEN
381098409,MRDN
381119403,AUMN
38136Y102,GDST
38141G104,GS
381430107,GSIE
381430123,GSUS
381430164,GSEE
381430180,GSID
381430206,GEM
381430230,GSST
381430305,GSEU
381430362,GTIP
381430388,GEMD
381430396,JUST
381430404,GSJY
381430438,GSEW
381430453,GHYB
381430479,GIGB
381430503,GSLC
381430529,GBIL
381430545,GVIP
381430602,GSSC
38144L852,GSCE
38147U107,GSBD
38149E101,GLDG
38149W101,GCOR
38149W127,GPRF
38149W382,GIEQ
38149W416,GVLE
38149W424,GUSE
38149W432,GTOP
38149W440,GSGO
38149W457,GTPE
38149W465,GIGL
38149W473,GBND
38149W481,GIND
38149W549,GMUB
38149W556,GMNY
38149W564,GCAL
38149W572,GUMI
38149W580,GVUS
38149W598,GGUS
38149W614,GSC
38149W622,GPIX
38149W630,GPIQ
38149W739,GSWO
38149W770,GDOC
38149W812,GTEK
38149W820,GINN
38150K103,AAAU
38150W107,GUSA
38173M102,GBDC
382140879,GTIM
38246G108,GDRX
382550101,GT
38267D109,GSHD
38268T103,GPRO
383082104,GRC
38341P102,GOSS
38387Q105,PEW
38387Q113,PEW-WS
384109104,GGG
384313607,EAF
384556106,GHM
384637104,GHC
384747101,GRAL
384802104,GWW
38500T200,GTE
38523M109,GBXXY
38526M106,LOPE
387328107,GVA
38741L107,GPMT
387432107,GRNT
387437205,GRTUF
38747R108,COMB
38747R157,RTYY
38747R199,SEMY
38747R215,NBIL
38747R223,ISUL
38747R264,SMYY
38747R272,PLYY
38747R306,HIPS
38747R330,AMYY
38747R363,CONI
38747R413,AVGU
38747R421,XBTY
38747R439,NVYY
38747R447,PDDL
38747R454,NOWL
38747R470,RVNL
38747R496,RDTL
38747R512,VRTL
38747R520,MVLL
38747R546,IONL
38747R553,INTW
38747R561,DLLL
38747R579,YSPY
38747R587,QCML
38747R595,TSDD
38747R603,DRUP
38747R629,NVD
38747R637,TQQY
38747R645,CRWL
38747R652,TSMU
38747R678,MULL
38747R694,UBRL
38747R702,TSL
38747R710,PTIR
38747R736,MSFL
38747R744,AMZZ
38747R751,AMDL
38747R777,TSLR
38747R801,CONL
38747R827,NVDL
38747R843,FBL
38747R868,BABX
38747R884,AAPB
38747T450,SNK
38747T542,TSYY
38747T567,COYY
38747T575,SMCL
38747T583,MRAL
38747T591,MSTP
38748G101,BAR
38748T103,PLTM
388689101,GPK
38911N206,GRVY
389375106,GTN
389375205,GTN-A
38942Q202,CALC
389637109,GBTC
389638107,ETHE
38963H206,MNRS
38963H305,BTCC
38963H503,BCOR
38963H602,ETCO
38963P109,BCHG
38963Q107,ETCG
38963U108,GBAT
38963V106,GLNK
38963W104,LTCN
38964G108,ZCSH
38964P108,MANA
38964R203,ETH
38965D104,GSOL
38965L106,GXRP
38983D854,RPT
389923103,GDOG
389930207,BTC
390320703,GECC
39037G109,GEG
390607109,GLDD
390905107,GSBC
39137B109,GWLLY
39141Y103,GWMGF
392709101,GRBK
393048202,GGII
39304D102,GDOT
393222104,GPRE
393411103,GSPI
393657101,GBX
39366L406,RTB
394357107,GCBC
39525U107,GFR
39531G308,VIP
395392103,GNRSQ
395392111,GNRWQ
395392202,GNRUQ
39540E401,GP
39579V100,GHG
396879108,GLSI
397624107,GEF
397624206,GEF-B
39813G109,GDYN
398182303,AHR
39818P799,PKST
398433102,GFF
398438408,GRFS
39854F101,GRND
39874R101,GO
39878L506,GROM
398905109,GPI
399473206,GRPN
39957D110,GROVW
39957D201,GROV
39959A205,UPXI
39986L109,GRWG
399874106,AGTHX
399909100,GGAL
400491106,SIM
40049J206,TV
400501102,OMAB
400506101,PAC
40051E202,ASR
40052P107,GBOOY
40053W101,AVAL
40054A108,SUPV
40054J109,AERO
40090E106,CIB
40131M109,GH
401382106,GMTL
40145W101,GRDN
40157Q109,GDNGY
401664107,GBAB
40167F101,GOF
40170T106,GUG
40171V100,GWRE
402031835,DIVS
402031843,ADIV
402031876,MOTO
402307102,GIFI
40251W507,GURE
402635502,GPOR
403783103,GYRE
403829104,GYRO
403949100,DINO
404111106,HBT
40412C101,HCA
40415F101,HDB
40416E103,HCI
40417F109,HFFG
40422B101,HKVTY
40423R303,HCWB
404251100,HNI
404280406,HSBC
40434L105,HPQ
40445M100,HMH
404609109,HCKT
40472A102,EONR
40472A128,EONR-WS
40500A108,HDRN
40500A116,HDRNW
405024100,HAE
405166109,HGTY
405217100,HAIN
40523H106,HSHCY
405552100,HLN
40609P105,HNRG
406216101,HAL
40624Q302,HALLQ
40637H109,HALO
40701T104,HBB
407497106,HLNE
40829T101,HMMR
409735206,BTO
410120109,HWC
410123103,JHS
41013T105,PDT
41013V100,HTD
41013W108,HPI
41013X106,HPF
410142103,JHI
41021P103,HPS
410495204,HAFC
41068X100,HASI
410709109,HNVR
410867105,THG
411292204,GITS
411511306,HAINX
41151J109,SIHY
41151J208,SIFI
41151J406,WINN
41151J505,HGER
41151J703,GDIV
41151J752,SMLL
41151J786,EBIT
41151J794,AGGS
41151J828,LSEQ
41151J851,HAPS
41151J869,MEDI
41151J877,HAPI
41151J885,OSEA
41164A103,HTDS
412822108,HOG
413160102,HLIT
413197104,HRMY
413216300,HMY
41456U106,OAKM
41456U205,OAKI
41456U304,OAKG
415858109,HROW
416196202,HHS
416515104,HIG
41653L305,HTRB
41653L404,HTAB
41653L503,HMOP
41653L602,TRPA
41653L701,HCRB
41653L834,HEMI
41653L842,DYNB
41653L859,ACVU
41653L875,HFSI
41653L883,HFGO
416648244,HBLAX
416906204,HBIO
418056107,HAS
419596101,HVT
419596200,HVT-A
419870100,HE
420201105,HAWK
420261109,HWKN
420476103,HWBK
421298100,HAYW
421906108,HCSG
42217D102,HIT
42222N103,HSTM
42225T107,HCAT
42226A107,HQY
42226B501,NHP
42226K105,HR
42226N109,HCMC
42227T105,HCWC
42227W405,HCTI
422347104,HTLD
42237K508,SCPX
42238D107,HTFL
42238H108,BEAT
42238H116,BEATW
42250P103,DOC
42254E112,HSCSW
42254E302,HSCS
422704106,HL
422806109,HEI
422806208,HEI-A
423012301,HEINY
42309B139,MCOMW
42327L309,HMNY
42328H109,HLIO
42328V876,HSDT
42330P107,HLX
423403104,MOMO
423452101,HP
423494103,COAG
423703206,HEMP
42370P207,HMPQ
42371L205,HPCO
42550U109,HENKY
42551N104,HEGIY
425883105,HNNMY
425885100,HNNA
42588P692,STNC
426281101,JKHY
426897401,HEPA
42704L104,HRI
427096508,HTGC
42722X106,HFWA
42727E103,HGBL
42727J102,HRTG
42727R302,IPST
42751Q105,HESAY
427746102,HRTX
427866108,HSY
428050108,HSAI
42806J148,HTZWW
42806J700,HTZ
428103105,HESM
42824C109,HPE
428291108,HXL
42833L108,HGGG
42968F108,PCF
42981E401,HITI
42981K100,ROLR
43010E404,HFRO
43010T104,HGLB
43087N204,HSLV
43114Q105,HPK
431284108,HIW
431636109,HLMN
432705309,CNTN
432748101,HTH
43283X105,HGV
43289P106,HIMX
433000106,HIMS
43300A203,HLT
433313103,HNGE
433323102,HIFS
433535101,HQI
433539202,HIPO
433578507,HTHIY
433921103,HIVE
43538H103,HLLY
436893200,HOMB
43689E107,HBCP
437076102,HD
43708L108,HFBL
43785V102,MCHB
437872104,HTB
438090805,HNHPF
438090888,HNHAY
438128308,HMC
438333106,HNST
43849R105,HONA
438516205,HON
43858F109,HKXCY
439038100,HOFT
439338203,HPNN
43940T109,HOPE
439913104,HKHC
440327104,HMN
440407104,HBNC
440452100,HRL
44045A102,HRZN
44053A440,AFIF
44053A465,SFTX
44053A473,FRGN
44053A481,SMOX
44053A515,QGRD
44053A531,BNDY
44053A549,SFTY
44053A564,DIVN
44053A622,BENJ
44107P104,HST
44148G204,RKTO
441593100,HLI
44170P106,HOUR
44183U308,AGIG
442487401,HOV
44267T102,HHH
443201108,HWM
443251103,HOCPY
44326H107,HYNE
443297106,HPIFY
443320106,HUBG
44332N106,HTHT
443510607,HUBB
443573100,HUBS
443628102,HBM
443787205,STRR
444097406,HPP
444144109,HDSN
444717102,HGTXU
44473E204,HUIZ
444859102,HUM
44486Q103,HUMA
44486Q111,HUMAW
445658107,JBHT
446150104,HBAN
446413106,HII
447011107,HUN
447324104,HURC
447462102,HURN
44812J104,HUT
44842L103,HCM
44852D108,HUYA
44852G101,HWH
44852G309,HWH
448579102,H
44862P208,HYMC
448811208,HRNNF
44888K407,HYFM
44891N208,PPLI
448947507,IDT
449109107,HYLN
44914U106,HYPMY
44916E100,IPX
44916K106,HYPR
44916T107,HYREQ
44916Y106,PURR
449172105,HY
449229103,IBXG
44925C103,ICFI
44930G107,ICUI
44934N108,IBAC
44934N116,IBACR
44951J105,IROQ
44951W106,IESC
44952J104,CRGY
449538107,IFMK
44955L106,IAUX
44955L155,IAUX-WS
449586106,IGIFF
44967K302,BACK
44969Q406,IMCC
44974L301,IMVIF
44975P103,NBP
449778109,IOBTQ
44980X109,IPGP
44984F880,IVF
450047303,IRS
450056106,IRTC
45032V306,ISPC
45068B109,ESINQ
45069P107,ITVPY
450737101,IBDRY
45073V108,ITT
45074N105,IZNN
450913108,IAG
450958301,ICCT
451033708,IBIO
45104G104,IBN
451051106,IBTA
451100101,IEP
451107106,IDA
45113Y203,AMBR
451622203,IPWR
45166A102,IDYA
45166V205,IDEXQ
45167R104,IEX
45168D104,IDXX
45170X205,INVE
45174J509,IHRT
45175B109,IH
45175G207,IMA
45175Q106,AILEQ
45175Q114,AILWQ
452308109,ITW
452327109,ILMN
45232V106,ILLMF
45245E109,IMAX
452521107,IMMR
452525306,ICCC
45254E107,IMRX
45254U101,IMRN
45256X103,IBRX
45257L108,IMMP
45257U108,IMNM
45258D105,IMCR
45258H106,IMMX
45258J102,IMVT
45259A100,WOMN
45259A209,NACP
45259A233,SIOO
45259A241,GRNI
45259A258,GRNJ
45259A266,DRKY
45259A316,ACKY
45259A449,LOGO
45259A464,QUSA
45259A514,OMAH
45259A548,SNTH
45259A688,CPXR
45259A696,EGGQ
45259A761,BEEX
45259A787,EGGY
45259A795,EGGS
45259A803,RSMC
45259A837,POW
45259A845,AIS
45259A852,RMNY
45259A878,RMOP
45259A886,RGEF
45259L205,IBO
4525EP200,IMUX
452926108,IOR
453038408,IMO
453204109,PI
453229106,INOH
453320103,AMECX
45333D104,IGTA
45333D112,IGTAW
45333D120,IGTAR
45333D203,IGTAU
45333F208,IXHL
45337C102,INCY
45339J204,INDP
45378A106,IRT
453836108,INDB
453838609,IBCP
454089103,IFN
45408X308,IGC
45409B107,QAI
45409B248,IQSM
45409B255,WRND
45409B263,LRND
45409B453,IQSI
45409B461,IQSU
45409B560,HFXI
45409B800,MNA
45409F686,SECR
45409F736,IQHI
45409F751,IWFG
45409F769,IWLG
45409F777,MMCA
45409F785,CPLB
45409F827,MMIT
45409F843,MMIN
45569U101,INDI
45577X105,PIFMY
455793109,IDEXY
45579U109,INDV
455807107,IDCBY
456237106,ILPT
45662N103,IFNNY
45665G303,INFIQ
45672B305,IFJPY
45674E208,INAB
45675Y104,III
45676K103,INFQ
45676K111,INFQ-WS
456788108,INFY
456837103,ING
45685K102,INFU
45687V106,IR
45688C107,NGVT
456941103,INR
456948116,MSAIW
457030104,IMKTA
457152106,INGM
457187102,INGR
45719W205,IKT
45720N103,INBX
457637700,INM
457642205,INOD
457651107,INVX
45765U103,NSIT
45765Y204,TULP
457669307,INSM
45768S105,IOSP
45769N105,ISSC
457730109,INSP
45773H409,INO
45774W108,IIIN
45778Q107,NSP
45779A846,NSPR
45780L104,INGN
45780R101,IBP
45781D101,INOV
45781K204,IPHA
45781M101,INVA
45781Q102,IVST
45781V101,IIPR
45781W109,XXINSIXX
45782B302,INSG
45782C128,QTOC
45782C235,TBJL
45782C243,TFJL
45782C276,NJUL
45782C284,KJUL
45782C292,UMAY
45782C300,UJAN
45782C318,PMAY
45782C326,BMAY
45782C334,NAPR
45782C342,KAPR
45782C359,EAPR
45782C367,IAPR
45782C375,UMAR
45782C383,PMAR
45782C391,BMAR
45782C409,BJAN
45782C417,PFEB
45782C425,UFEB
45782C433,BFEB
45782C466,NJAN
45782C474,KJAN
45782C508,PJAN
45782C516,EJAN
45782C524,IJAN
45782C532,UDEC
45782C540,PDEC
45782C557,BDEC
45782C565,UNOV
45782C573,PNOV
45782C581,BNOV
45782C599,KOCT
45782C615,NOCT
45782C623,EOCT
45782C631,IOCT
45782C649,USEP
45782C656,PSEP
45782C664,BSEP
45782C672,UAUG
45782C680,PAUG
45782C698,BAUG
45782C714,EJUL
45782C722,IJUL
45782C730,UJUN
45782C748,PJUN
45782C755,BJUN
45782C771,BOCT
45782C789,BJUL
45782C797,POCT
45782C805,UAPR
45782C813,PJUL
45782C821,UOCT
45782C839,UJUL
45782C862,LOUP
45782C870,PAPR
45782C888,BAPR
45782N108,INSE
45782T105,INMB
45783C200,TIL
45783Y103,XDSQ
45783Y111,ZAUG
45783Y129,NAUG
45783Y137,KAUG
45783Y145,IAUG
45783Y160,QBUF
45783Y178,IBUF
45783Y186,LJUL
45783Y210,EBUF
45783Y228,RBUF
45783Y236,AJUL
45783Y244,JAJL
45783Y251,ZJUL
45783Y269,NJUN
45783Y277,KJUN
45783Y285,IJUN
45783Y293,IMAY
45783Y301,XBAP
45783Y319,LAPR
45783Y335,AAPR
45783Y343,IMAR
45783Y350,IFEB
45783Y368,LJAN
45783Y376,JANJ
45783Y400,XTAP
45783Y418,AJAN
45783Y426,IDEC
45783Y434,LOCT
45783Y442,ZALT
45783Y459,INOV
45783Y475,EALT
45783Y491,OCTJ
45783Y509,QTAP
45783Y525,OCTH
45783Y533,ISEP
45783Y541,TJUL
45783Y566,JULJ
45783Y582,JULH
45783Y608,XDQQ
45783Y616,APRJ
45783Y624,APRH
45783Y657,JANH
45783Y673,SFLR
45783Y681,QFLR
45783Y699,XUSP
45783Y723,PSTP
45783Y731,BSTP
45783Y756,BUFB
45783Y772,XTJA
45783Y780,XBJA
45783Y798,QTJA
45783Y806,XTJL
45783Y814,BUFF
45783Y822,EPRF
45783Y830,XTOC
45783Y848,XBOC
45783Y855,BALT
45783Y871,QTJL
45783Y889,XBJL
45784A104,INNV
45784E304,IVPR
45784G119,ZCARW
45784J303,VATE
45784M108,INV
45784N106,ZSEP
45784N197,DDFZ
45784N205,NSEP
45784N213,DDTZ
45784N262,KBFR
45784N270,NBFR
45784N296,XBFR
45784N304,KSEP
45784N312,DDNQ
45784N320,DDSQ
45784N338,DDFY
45784N379,DDFM
45784N395,DDFF
45784N411,DDTF
45784N429,DDTJ
45784N437,DDFD
45784N445,DDTD
45784N452,DDFN
45784N460,DDTN
45784N478,DDTS
45784N486,DDFS
45784N494,DDTO
45784N502,RFLR
45784N510,DDTL
45784N528,DDFO
45784N536,DDFL
45784N544,DDFJ
45784N551,DDFA
45784N577,TOCT
45784N601,AOCT
45784N619,BFRZ
45784N643,ZJUN
45784N650,ZMAY
45784N668,KMAY
45784N676,NMAY
45784N692,QBF
45784N700,ZOCT
45784N726,ZAPR
45784N734,TAPR
45784N742,ZMAR
45784N759,KMAR
45784N767,NMAR
45784N775,ZFEB
45784N783,KFEB
45784N791,NFEB
45784N809,ZNOV
45784N817,ZJAN
45784N825,TJAN
45784N833,KDEC
45784N841,NDEC
45784N858,ZDEK
45784N866,KNOV
45784N874,NNOV
45784N882,APOC
45784P101,PODD
45790H101,IPXHY
457919108,IHT
45791D117,LUCYW
45791D208,LUCY
45791E206,ISPO
457985208,IART
458140100,INTC
458173309,IPCIQ
45817G201,IDN
45824Q804,GCTK
45825X204,INLX
45826H109,ITGR
45826J105,NTLA
45826T509,ITRG
45827K101,INTE
45827K119,INTEW
45827K200,INTEU
45827R114,IRRXW
45827U109,INTA
45828E104,ICG
45828J202,INTS
458334109,IPAR
45841N107,IBKR
45857P806,IHG
458665304,TILE
45866F104,ICE
45867G101,IDCC
458685104,INTG
458751302,LINK
45890C606,ICPAX
459044103,IBOC
459121109,IBATF
459200101,IBM
459506101,IFF
459867107,IMAQ
459867115,IMAQW
459867123,IMAQR
459867206,IMAQU
46005L101,IMXI
460146103,IP
46018A100,IPWG
46050R102,THM
46059T109,IIJIY
46062X303,IDXG
46090A101,PSR
46090A663,PIPE
46090A671,QBIG
46090A689,QQA
46090A697,RSPA
46090A705,PHDG
46090A713,EFAA
46090A721,ICLO
46090A739,GTOS
46090A747,IROC
46090A804,GTO
46090A853,GTOQ
46090A879,VRIG
46090A887,GSY
46090E103,QQQ
46090F100,PDBC
46090F209,EVMT
46090F308,PDBA
46090N103,FXA
46090R104,ICMB
46091J101,BTCO
46092D129,WDCX
46092D145,ONDU
46092D160,SMZ
46092D202,QBTX
46092D269,USAX
46092D368,CSEX
46092D376,BEX
46092D384,TSLQ
46092D392,COZX
46092D434,FLYT
46092D459,WULX
46092D590,CLSX
46092D632,NVTX
46092D665,APLX
46092D673,NEBX
46092D681,LRCU
46092D749,MQQQ
46092D756,SPYQ
461147100,INTT
46115H107,ISNPY
461202103,INTU
46120E602,ISRG
46121E304,INTZ
46121Y201,IPI
46122W303,INUV
46124J201,IVT
46124U107,IVA
46125A100,LUNR
46127B106,IMF
46127B205,CSTK
46127B304,MTRA
46127B403,QQHG
46127B502,INTM
46127B601,GTOC
461308108,AIVSX
46131B704,IVR
46131F101,VLT
46131H107,VVR
46131J103,VKQ
46131M106,VGM
46131T101,VTN
46132C107,VMO
46132E103,VKI
46132H106,VCV
46132K109,VPV
46132L107,VBF
46132P108,IIM
46132X101,OIA
46133G107,IQI
46134L105,ISTR
46135X108,XHITX
46136K105,XHTAX
46137R109,IMVP
46137V100,PPA
46137V118,PSP
46137V134,PBW
46137V142,PHO
46137V159,CSD
46137V167,RZV
46137V175,RZG
46137V191,RFV
46137V217,RFG
46137V225,GRPM
46137V233,XLG
46137V241,SPHQ
46137V258,RPV
46137V266,RPG
46137V274,RSPU
46137V282,RSPT
46137V290,RSPR
46137V308,PKW
46137V316,RSPM
46137V324,RSPN
46137V332,RSPH
46137V340,RSPF
46137V357,RSP
46137V365,RSPG
46137V373,RSPS
46137V381,RSPD
46137V399,PBP
46137V407,ERTH
46137V423,SPVM
46137V431,SPGP
46137V449,EQWL
46137V456,XMVM
46137V464,XMMO
46137V472,XMHQ
46137V480,XSVM
46137V498,XSMO
46137V506,PFM
46137V522,UPGD
46137V530,PNQI
46137V548,PID
46137V563,PEY
46137V571,PGJ
46137V597,PRFZ
46137V605,DJD
46137V613,PRF
46137V621,PGF
46137V639,IGPT
46137V647,PSI
46137V662,PJP
46137V688,KNCT
46137V696,GGME
46137V704,PYZ
46137V712,BMVP
46137V720,PEJ
46137V738,PWV
46137V746,PWB
46137V753,PBJ
46137V761,PXE
46137V779,PKB
46137V787,PBE
46137V795,PUI
46137V803,PEZ
46137V811,PTF
46137V837,PDP
46137V845,PRN
46137V852,PTH
46137V860,PFI
46137V878,PXI
46137V886,PSL
46137Y401,CZA
46137Y500,CVY
46137Y609,RSPC
46137Y872,PXJ
46138B103,DBC
46138E107,GOVI
46138E115,PSCT
46138E123,PSCI
46138E131,XSHD
46138E149,PSCH
46138E156,PSCF
46138E172,PSCC
46138E180,PSCD
46138E198,XMLV
46138E206,PWZ
46138E214,IDHQ
46138E222,IDMO
46138E230,IDLV
46138E263,CGW
46138E289,EEMO
46138E297,EELV
46138E339,SPMO
46138E354,SPLV
46138E362,SPHD
46138E370,SPHB
46138E396,QVMT
46138E404,PCEF
46138E420,EQAL
46138E461,PBUS
46138E495,PBTP
46138E511,PGX
46138E529,PZT
46138E537,PZA
46138E545,CUT
46138E578,FDIQ
46138E586,KBWP
46138E594,KBWY
46138E610,KBWD
46138E628,KBWB
46138E636,PICB
46138E644,IPKW
46138E651,PIO
46138E669,PGHY
46138E693,PFIG
46138E719,IFLN
46138E727,PXH
46138E735,PDN
46138E743,PXF
46138E784,PCY
46138E800,CQQQ
46138E842,DWAS
46138E867,PIE
46138E875,PIZ
46138G102,XSLV
46138G201,PSCM
46138G300,XSHQ
46138G375,QEW
46138G409,PSCU
46138G417,KLMN
46138G441,GRPZ
46138G458,DIVG
46138G466,QOWZ
46138G474,PSCE
46138G482,QQQS
46138G508,BKLN
46138G516,RSPE
46138G540,QQMG
46138G557,SATO
46138G573,QVMM
46138G581,QVML
46138G599,IBBQ
46138G615,SOXQ
46138G631,QQQJ
46138G649,QQQM
46138G656,RDIV
46138G664,RWJ
46138G672,RWK
46138G698,RWL
46138G706,TAN
46138G805,BAB
46138G847,PBD
46138G862,PVI
46138G870,VRP
46138G888,TBLL
46138J296,BSTV
46138J312,BSTU
46138J320,BSGT
46138J338,BSTS
46138J346,BSGR
46138J395,BSJT
46138J411,BSMV
46138J429,BSCV
46138J437,IMFL
46138J445,BSMU
46138J452,BSJS
46138J460,BSCU
46138J478,BSMT
46138J486,BSMS
46138J494,BSMR
46138J510,BSMQ
46138J536,BSMO
46138J577,BSCT
46138J585,BSJR
46138J593,OMFS
46138J619,OMFL
46138J635,BSJQ
46138J643,BSCS
46138J742,IUS
46138J775,POWA
46138J783,BSCR
46138J791,BSCQ
46138J817,BSJP
46138J833,BSJO
46138K103,FXE
46138M109,FXB
46138R108,FXF
46138T104,FXC
46138W107,FXY
46139W502,IIGD
46139W759,BSCZ
46139W775,BSJW
46139W783,BSCY
46139W791,BSSX
46139W817,BSJV
46139W825,BSCX
46139W833,BSMW
46139W841,BSJU
46139W858,BSCW
46140H106,DBA
46140H304,DBE
46140H403,DBO
46140H502,DBP
46140H700,DBB
46141D104,UDN
46141D203,UUP
46141T117,PPI
46143U518,GEVX
46143U534,CEGX
46143U542,ASTX
46144X115,NVDS
46144X131,SARK
46144X396,KNO
46144X487,TARK
46144X495,WUGI
46144X586,NXTE
46144X610,AAA
46148D107,QETH
46152A213,BEZ
46152A221,APLZ
46152A288,SPCG
46152A312,STXX
46152A320,AXTX
46152A353,LITZ
46152A379,XNDX
46152A395,IBX
46152A429,AAOX
46152A437,UNX
46152A452,SMU
46152A460,RGTU
46152A478,OPEX
46152A494,IREX
46152A510,CRMX
46152A528,CRDU
46152A536,APPX
46152A544,LABX
46152A569,COHX
46152A650,LITX
46152A668,SNXX
46152A718,UPSX
46152A734,QUBX
46152A742,CWVX
46152A759,ARCX
461804106,ITIC
461874109,EXOZ
46187W107,INVH
46211L101,IONR
462222100,IONS
46222L108,IONQ
46222L116,IONQ-WS
462260100,IOVA
46264C206,AUID
46264C305,AUID
46265G206,IQST
46266A109,IRMD
46266C105,IQV
46267X108,IQ
462684101,IRIX
46269C102,IRDM
462837105,UCFI
462837113,UCFIW
46283H103,IRHO
46283H129,IRHOR
46283H202,IRHOU
46284V101,IRM
46333X108,IRWD
464214105,ISBA
464285105,IAU
464285204,IAU
464286103,EWA
464286178,GHYG
464286202,EWO
464286210,EUHY
464286251,CEMB
464286285,EMHY
464286293,DVYA
464286301,EWK
464286319,DVYE
464286327,SLVP
464286343,POWR
464286350,VEGI
464286392,URTH
464286400,EWZ
464286426,EEMA
464286475,EEMS
464286509,EWC
464286517,LEMB
464286525,ACWV
464286533,EEMV
464286582,SCJ
464286608,EZU
464286624,THD
464286632,EIS
464286640,ECH
464286657,BKF
464286665,EPP
464286681,EUSA
464286707,EWQ
464286715,TUR
464286749,EWL
464286756,EWD
464286764,EWP
464286772,EWY
464286780,EZA
464286806,EWG
464286814,EWN
464286822,EWW
464286871,EWH
464287101,OEF
464287119,ILCG
464287127,ILCB
464287150,ITOT
464287168,DVY
464287176,TIP
464287184,FXI
464287192,IYT
464287200,IVV
464287226,AGG
464287234,EEM
464287242,LQD
464287275,IXP
464287291,IXN
464287309,IVW
464287325,IXJ
464287333,IXG
464287341,IXC
464287374,IGE
464287382,JPXN
464287390,ILF
464287408,IVE
464287432,TLT
464287440,IEF
464287457,SHY
464287465,EFA
464287473,IWS
464287481,IWP
464287499,IWR
464287507,IJH
464287515,IGV
464287523,SOXX
464287531,IDGT
464287549,IGM
464287556,IBB
464287564,ICF
464287572,IOO
464287580,IYC
464287598,IWD
464287606,IJK
464287614,IWF
464287622,IWB
464287630,IWN
464287648,IWO
464287655,IWM
464287663,IUSV
464287671,IUSG
464287689,IWV
464287697,IDU
464287705,IJJ
464287713,IYZ
464287721,IYW
464287739,IYR
464287754,IYJ
464287762,IYH
464287770,IYG
464287788,IYF
464287796,IYE
464287804,IJR
464287812,IYK
464287838,IYM
464287846,IYY
464287861,IEV
464287879,IJS
464287887,IJT
464288109,ILCV
464288117,IGOV
464288125,ISHG
464288158,SUB
464288166,AGZ
464288174,WOOD
464288182,AAXJ
464288208,IMCB
464288216,EMIF
464288224,ICLN
464288240,ACWX
464288257,ACWI
464288265,TOK
464288273,SCZ
464288281,EMB
464288307,IMCG
464288323,NYF
464288356,CMF
464288372,IGF
464288406,IMCV
464288414,MUB
464288430,AIA
464288448,IDV
464288489,IFGL
464288497,IEUS
464288505,ISCB
464288513,HYG
464288521,USRT
464288562,REZ
464288570,DSI
464288588,MBB
464288596,GBF
464288604,ISCG
464288612,GVI
464288620,USIG
464288638,IGIB
464288646,IGSB
464288653,TLH
464288661,IEI
464288679,SHV
464288687,PFF
464288695,MXI
464288703,ISCV
464288711,JXI
464288729,EXI
464288737,KXI
464288745,RXI
464288752,ITB
464288760,ITA
464288778,IAT
464288786,IAK
464288794,IAI
464288802,SUSA
464288810,IHI
464288828,IHF
464288836,IHE
464288844,IEZ
464288851,IEO
464288869,IWC
464288877,EFV
464288885,EFG
464289123,ENZL
464289131,EWZS
464289180,EUFN
464289420,IWX
464289438,IWY
464289446,IWL
464289479,ILTB
464289511,IGLB
464289529,INDY
464289842,EPU
464289859,AOA
464289867,AOR
464289875,AOM
464289883,AOK
46428Q109,SLV
46428R107,GSG
46429B200,ECNS
46429B267,GOVT
46429B291,QLTA
46429B309,EIDO
46429B333,GNMA
46429B366,CMBS
46429B408,EPHE
46429B416,EWUS
46429B499,ENOR
46429B507,EIRL
46429B515,EFNL
46429B523,EDEN
46429B598,INDA
46429B606,EPOL
46429B614,SMIN
46429B655,FLOT
46429B663,HDV
46429B671,MCHI
46429B689,EFAV
46429B697,USMV
46429B747,STIP
46431W507,NEAR
46431W515,ISTM
46431W531,AGRH
46431W580,LQDI
46431W598,CMDY
46431W606,HYGH
46431W648,IETC
46431W663,IEDI
46431W705,LQDH
46431W812,IGBH
46431W838,MEAR
46431W853,COMT
46432F339,QUAL
46432F370,SIZE
46432F388,VLUE
46432F396,MTUM
46432F834,IXUS
46432F842,IEFA
46432F859,ISTB
46432F875,IYLD
46434G103,IEMG
46434G509,HEEM
46434G764,EMXC
46434G772,EWT
46434G780,EWS
46434G814,EWM
46434G822,EWJ
46434G830,EWI
46434G848,PICK
46434G855,RING
46434G863,ESGE
46434G889,EMGF
46434V100,SLQD
46434V266,ISCF
46434V274,INTF
46434V282,LRGF
46434V290,SMLF
46434V316,GLOF
46434V381,XT
46434V407,SHYG
46434V423,KSA
46434V449,IMTM
46434V456,IQLT
46434V464,CRBN
46434V514,CNYA
46434V613,IUSB
46434V621,DGRO
46434V639,HEZU
46434V647,REET
46434V696,IPAC
46434V738,IEUR
46434V761,UAE
46434V779,QAT
46434V787,BYLD
46434V803,HEFA
46434V860,TFLO
46434V878,ICSH
46434V886,HEWJ
46435G102,ICVT
46435G193,SUSC
46435G219,IGEB
46435G243,SUSB
46435G250,HYDB
46435G268,SMMD
46435G326,IDEV
46435G334,EWU
46435G342,REM
46435G409,IVLU
46435G417,IMTB
46435G425,ESGU
46435G433,SMMV
46435G441,HYXF
46435G474,FALN
46435G516,ESGD
46435G524,IGRO
46435G532,SDG
46435G672,IAGG
46435G839,HSCZ
46435G847,HAWX
46435GAA0,IBDR
46435U135,IHAK
46435U192,IDNA
46435U218,SUSL
46435U259,IBMO
46435U283,IBMP
46435U325,IBMQ
46435U366,IDRV
46435U374,EWJV
46435U440,BGRN
46435U473,HYBB
46435U515,IBDT
46435U549,EAGG
46435U556,ARTY
46435U663,ESML
46435U713,IFRA
46435U796,SYSB
46435U853,USHY
46435U861,DIVB
46435UAA9,IBDS
46436E122,IBHJ
46436E130,IBDY
46436E148,IBTO
46436E155,USCL
46436E163,IBMR
46436E171,ILIT
46436E189,ICOP
46436E197,ETEC
46436E205,IBDU
46436E221,EVUS
46436E239,EGUS
46436E247,IVRS
46436E254,EFRA
46436E262,BEMB
46436E270,ERET
46436E288,LQDW
46436E296,IBTM
46436E312,IBDX
46436E320,HYGW
46436E338,TLTW
46436E353,IBRN
46436E361,IBLC
46436E379,IBHI
46436E387,IBHH
46436E403,GARP
46436E411,PABU
46436E429,TCHI
46436E445,ESMV
46436E460,IBTL
46436E478,IBHG
46436E486,IBDW
46436E494,LQDB
46436E502,TECB
46436E510,ISVL
46436E528,IBHF
46436E536,SVAL
46436E544,XJR
46436E551,XJH
46436E569,XVV
46436E593,IBTK
46436E601,LDEM
46436E619,EUSB
46436E668,EAOA
46436E676,EAOR
46436E684,EAOM
46436E692,EAOK
46436E718,SGOV
46436E726,IBDV
46436E742,EMXF
46436E759,DMXF
46436E767,USXF
46436E817,KWT
46436E825,IBTJ
46436E833,IBTI
46436E841,IBTH
46436E858,IBTG
46436E874,IBTE
46436F103,IAUM
46438F101,IBIT
46438G109,EQLT
46438G117,SQLT
46438G125,IBIM
46438G133,IBGM
46438G141,IBGC
46438G158,IBTR
46438G166,IBCB
46438G174,IBMX
46438G182,IBMW
46438G190,IBMV
46438G208,EVLU
46438G216,IBMU
46438G224,IBHM
46438G232,USLN
46438G240,BTOT
46438G257,ICPI
46438G265,EUIG
46438G273,TENM
46438G281,TENJ
46438G299,TEND
46438G315,STEN
46438G323,XOEF
46438G331,TEXN
46438G349,TOPC
46438G356,IBMT
46438G364,IBHL
46438G372,IBCA
46438G380,IBIL
46438G398,IBGL
46438G414,IBGB
46438G422,IBTQ
46438G430,WSML
46438G448,LMUB
46438G455,MMAX
46438G463,TWOX
46438G471,DMAX
46438G489,ITDJ
46438G497,AQLT
46438G505,IBIC
46438G513,LDRI
46438G521,LDRT
46438G539,LDRC
46438G547,LDRH
46438G554,QNXT
46438G562,QTOP
46438G570,TOPT
46438G588,SMAX
46438G596,MADE
46438G604,IBID
46438G612,MAXJ
46438G620,IBGK
46438G638,IBGA
46438G646,IBTP
46438G653,IBDZ
46438G661,IBHK
46438G679,IBIK
46438G687,IBMS
46438G695,IWMW
46438G703,IBIE
46438G711,IVVW
46438G729,PABD
46438G737,IBAT
46438G745,ITDI
46438G752,ITDH
46438G760,ITDG
46438G778,ITDF
46438G786,ITDE
46438G794,ITDD
46438G802,IBIF
46438G810,ITDC
46438G828,ITDB
46438G844,IRTR
46438G851,IBIJ
46438G869,IBII
46438G877,IBIH
46438G885,IBIG
46438M106,ETHB
46438R105,ETHA
46438T101,GOVM
46438T200,GOVZ
46439G108,BITA
46489V302,CATX
46500E867,ISOU
46501C100,ISPR
465141406,IRM
46520M204,ACCS
465246106,ISUNQ
46527C209,ITP
465562106,ITUB
465712107,MOND
46571Y107,IIIV
465741106,ITRI
46578C108,IE
46579R104,IVPAF
46583A113,IVDAW
46583A303,IVDA
46590V100,JBGS
46591M109,JOYY
466001609,IYMIX
466032109,JJSF
46604F109,IZOZF
46604H204,IZEA
46620W201,JILL
466249208,JSAIY
46625H100,JPM
466313103,JBL
466367109,JACK
46641Q118,JMEE
46641Q126,JPRE
46641Q134,JIRE
46641Q159,JPIE
46641Q167,JAVA
46641Q191,BBEU
46641Q209,JPIN
46641Q217,BBJP
46641Q225,BBCA
46641Q233,BBAX
46641Q241,BBAG
46641Q266,JEMA
46641Q274,JSCP
46641Q290,BBSC
46641Q308,JPEM
46641Q324,JIG
46641Q332,JEPI
46641Q340,BBMC
46641Q373,BBIN
46641Q399,BBUS
46641Q407,JPUS
46641Q449,BBCB
46641Q647,JMUB
46641Q654,JMST
46641Q670,JCPB
46641Q738,BBRE
46641Q746,JPMB
46641Q753,JVAL
46641Q761,JQUA
46641Q779,JMOM
46641Q837,JPST
46641Q845,JPSE
46641Q852,JPIB
46641Q878,BBHY
46641Q886,JPME
46645Q106,JRJRQ
46654Q104,JCPI
46654Q203,JEPQ
46654Q476,JTNY
46654Q484,JCAL
46654Q492,ROCQ
46654Q518,ROCY
46654Q526,JPFP
46654Q542,JMMF
46654Q559,JFLX
46654Q567,JOYT
46654Q575,JMTG
46654Q583,LVDS
46654Q591,HOLA
46654Q609,JGRO
46654Q617,JUSA
46654Q625,HEQQ
46654Q633,JPHY
46654Q641,JFLI
46654Q658,JDIV
46654Q690,JADE
46654Q708,JPSV
46654Q716,JBND
46654Q724,HELO
46654Q732,JTEK
46654Q740,JGLO
46654Q757,JIVE
46654Q765,JDOC
46654Q773,JPLD
46654Q781,JPEF
46654Q799,JMHI
46654Q807,BBEM
46654Q815,JMSI
46654Q831,BBLB
46654Q849,BBIB
46654Q856,BBSB
46654Q880,JCHI
46655E100,DC
46658E107,JFB
46817M107,JXN
46982L108,J
46990A102,JRVR
47010E108,JAGU
47012E403,JAKK
470299108,BOTJ
47089W104,AIFC
47100L111,DFDVW
47100L301,DFDV
471023853,JAMRX
471024109,JAN
47103J105,JANX
47103N106,JBI
47103U100,JSML
47103U209,JSMD
47103U613,JA
47103U670,JHAI
47103U688,JABS
47103U696,JXX
47103U720,JMID
47103U738,JEMB
47103U746,JSI
47103U753,JBBB
47103U845,JAAA
47103U852,JMBS
47103U886,VNLA
47103X492,HFQIX
47109U104,JOF
471871111,JSPRW
471871202,JSPR
47215P106,JD
47233W109,JEF
47248R103,JCAP
47580P103,JELD
47632P101,JRSH
477143101,JBLU
47714H407,JTAI
47733C207,JCTC
47737C104,JFIN
47738D309,AIJTY
47759T100,JKS
477839104,JBTM
47803T627,GOGIX
47804J107,JHML
47804J206,JHMM
47804J677,JDVL
47804J685,JHCP
47804J693,JHCR
47804J719,JHHY
47804J743,JHMU
47804J750,JHID
47804J768,JHDV
47804J776,JHPI
47804J792,JHMB
47804J818,JHCB
47804J834,JHEM
47804J842,JHSC
47804J859,JHMD
47804L102,HEQ
47804M878,JHAIX
47805L101,JMSB
478160104,JNJ
479167108,JOUT
47973J102,JYNT
48020Q107,JLL
48115J109,DERM
48123V102,ZD
4812A3288,JNBAX
4812C0498,HLIEX
48133Q309,AMJB
48138M105,JMIA
48205B107,JPPYY
48208F303,BNKK
48214T305,JTKWY
48238T109,OPLN
48241A105,KB
48241F104,KBCSY
48242W106,KBR
482480100,KLAC
482497104,BEKE
48249T106,KIO
48251K100,KREF
48251W104,KKR
48253L205,KLXE
48268K101,KT
482738101,KVHI
48282T104,KAI
482929106,KLRS
482931102,KLRA
483007704,KALU
48301N104,KAPA
483104402,KAVL
483119301,KALA
483347100,KLDO
483467106,KLTR
484602305,KAEPY
484836200,KCLI
48553T106,BZ
48563L101,KRT
48576U205,KPTI
48581R205,KSPI
485859201,KPLT
485924104,KRMN
485925101,KARD
486606106,KYN
48662X105,KBDC
48666K109,KBH
48667L106,KDDIY
48669G303,KZIA
486917107,KEEL
48716P108,KRNY
488152208,KELYA
488152307,KELYB
48817R870,RUNN
48826D201,KIQSF
488401100,KMPR
488445206,ZVRA
489170100,KMT
491292108,KFFB
49177J102,KVUE
492089107,PPRUY
492327101,KROS
492460100,KRYAY
49271V100,KDP
492854104,KEQU
493026108,KEWL
493144109,KTCC
493267108,KEY
49338L103,KEYS
493732101,KFRC
49427F108,KRC
49428J109,KE
49435R102,KRP
494368103,KMB
494386204,KCDMY
494414105,KPOC
49446R109,KIM
49456B101,KMI
49456W105,KLC
49457M205,NAKA
49567R102,KGDEY
495724403,KGFHY
49579A303,KGJI
49639K101,KC
496719105,KINS
496902404,KGC
496904202,KWY
49714P108,KNSL
49721T507,KPRX
497266106,KEX
497634204,KRBPQ
49803T300,KRG
498456102,KGET
49845K101,KVYO
49876K103,GRML
49876K111,GRMLW
498894104,KNF
499049104,KNX
49907V102,KSCP
49907V201,KSCP
499238202,USBC
49926D109,KN
500081104,KDK
500081112,KDKRW
50012A108,KGS
50015M109,KOD
500255104,KSS
50043K406,KGEI
500458401,KMTUY
500472303,PHG
50048Y104,KRED
50050N103,KTB
500600101,KOPN
50060P106,KOP
500631106,KEP
500634209,KF
500643200,KFY
500688106,KOS
500692108,KOSS
500754106,KHC
50075W104,KBLB
500767181,BNDD
500767215,KPHO
500767223,KWIN
500767249,KMLI
500767272,KLIP
500767280,KBAB
500767306,KWEB
500767330,KPDD
500767363,AGIX
500767389,KSPY
500767397,KCAI
500767405,KBA
500767413,KBUF
500767421,KPRO
500767553,KCCA
500767579,KTEC
500767645,KVLE
500767652,KMLM
500767678,KRBN
500767694,KSTR
500767736,IVOL
500767751,KOID
500767769,KEMX
500767827,KARS
500767835,KURE
500767843,KHYB
500767850,KGRN
500767868,OBOR
500767876,KEMQ
50077B207,KTOS
500946108,KRRO
500948302,KQQQ
500948708,MSFY
500948849,KYLD
500948872,KGLD
50101L106,DNUT
501044101,KR
50105F105,KRO
501147102,KRYS
50116V107,KBNT
501173207,KUBTY
501187108,KHNGY
501242101,KLIC
50125G109,KULR
50125G307,KULR
50125N104,KIROY
501270102,KRUS
50127T109,KURA
501506133,DFSCW
50155Q100,KD
501575104,KYMR
50172T400,LRHC
50180M108,LBRX
50181P100,LCNB
50186A108,LGL
50186A132,LGL-WS
50186Q103,LGEIY
50186V102,LPL
50187J207,LEJUY
50187T106,LGIH
501889208,LKQ
50189K103,LCII
501976104,KYTX
50202M102,LI
50202P204,LICYQ
50208A102,XSCDX
50208A110,SCD-R
502117203,LRLCY
50212V100,LPLA
502160104,LXU
50216C108,LYTS
502175102,LTC
502431109,LHX
502441306,LVMUY
504922105,LH
505336107,LZB
505743104,LADR
50736T102,LSF
510704109,LSBK
511656100,LKFN
511795106,LAKE
51216F109,QNME
512807306,LRCX
512816109,LAMR
513272104,LW
513847103,MZTI
514766104,LFCR
514952100,LB
51504L107,LARK
515098101,LSTR
51509F105,LE
516544103,LNTH
516548203,LTRX
51654W101,LTRN
51655R119,LNZAW
51655R200,LNZA
517097101,LGO
517125100,LRMR
517834107,LVS
51807Q100,LASE
51817R205,LTM
51818V106,LTCH
51819L107,SWIM
518415104,LSCC
518416102,RODM
518416201,ROAM
518416409,ROUS
518416508,ROSC
518416839,HQGO
518416847,VMAX
518416870,HDUS
518439104,EL
518613203,LAUR
520776105,DSGR
52106W103,XLGIX
52110K103,JPY
52110K202,THMZ
52110K301,EMKT
52110K400,IDEQ
52110K608,GLIX
52110K707,SYZ
52110M109,LAZ
52168R109,LRE
52178J113,LFLYW
521865204,LEA
52187K200,CYPH
52328E105,LDTCF
52328E113,LDTDF
523768406,LEE
524660107,LEG
52466B103,LZ
524682200,LRGE
524682309,YLDE
52468C109,SHRAX
52468L406,LVHD
52468L505,LVHI
52468L877,SQLV
52470H815,SASMX
52472M101,LEGH
52474R207,LGCY
52476L109,LGN
52490G102,LEGN
525327102,LDOS
525558201,LMAT
52567D107,LMND
52567D115,LMND-WS
52603A208,HAPN
52603B107,TREE
526057104,LEN
526057302,LEN-B
526107107,LII
526250105,LNVGY
52634L108,LNSR
52635N103,LENZ
52661A108,DRS
527064208,LESL
52736R102,LEVI
52886X107,LXEO
528872302,LXRX
528877103,LX
529043408,LXP
529900102,ASG
53000N108,LIANY
530158104,USA
530307107,LBRDA
530307305,LBRDK
53044R867,DETX
530909100,LLYVA
530909308,LLYVK
53115L104,LBRT
531229722,LLYVK
531229748,LLYVA
531229755,FWONK
531229771,FWONA
53190C102,LTH
531914109,LWAY
53216B104,LFMD
53219E808,LLBO
532206109,LIF
53220K504,LGND
53222K205,LFVN
53222Q103,LCUT
53224K302,LTBR
532257805,LPTH
53225G201,LITB
532275104,LWLG
53227M107,LVVP
53228F101,LFST
53228T200,ZEVY
53229C107,LSPD
53229X101,LFTO
532457108,LLY
53263P105,LMB
53271X108,LIMN
53271X116,LIMNW
532746104,LMNR
533535100,LINC
533714101,LCLN
533900106,LECO
534187109,LNC
535219109,LIND
535555106,LNN
53566P109,LCTX
53566V106,LINE
53578M102,LHAI
53578P105,LNKB
536221112,LEVWQ
53626N102,LION
53630X203,LPCN
53632A300,LIQT
53634X100,LQMT
53635B107,LQDT
53635D202,LQDA
53656F128,WEED
53656F144,TILL
53656F151,TUG
53656F169,TUGN
53656F268,UMMA
53656F383,SPRX
53656F417,METV
53656F581,OVLH
53656F599,HEGD
53656F607,HLAL
53656F623,INFL
53656F706,NERD
53656F789,BETZ
53656F805,OVL
53656F847,CCOR
53656F854,OVM
53656F862,OVB
53656F870,OVF
53656G209,BCDF
53656G332,RSMV
53656G498,MAGS
53656G514,NVIR
53656G555,SPAQ
53656G563,MEDX
53656H728,TEXX
53656H751,EZRO
53656H835,JAPN
53656H843,GLCR
536797103,LAD
53681J103,LAC
537008104,LFUS
53700T736,PCIG
53700T744,PCGG
53700T751,BDVG
53700T827,DBMF
538034109,LYV
53803X105,LOB
538142308,LIVE
538146309,LPSN
53814X300,LVO
53815P108,RAMP
53838J105,LVWR
53838J113,LVWR-WS
539319301,NMAD
53933L203,SOGP
539439109,LYG
53946R106,LDI
53947R105,LOAR
53952P101,LMPX
53956W300,LZRFY
539573105,LBAS
53960E114,LOCLW
53960E205,LOCL
539830109,LMT
540424108,L
54150E104,LOMA
54303L203,LGVN
54304F106,LFIN
54338V101,LZAGY
543518104,LOOP
54352F206,LPTVQ
54405Q209,NRDE
54570M116,LTRYW
54572F101,LOT
54572F119,LOTWW
546347105,LPX
54738L109,LOVE
548661107,LOW
54948X109,LUCD
549498202,LCID
54951L109,LKNCY
54960E203,LSDIF
54975P201,LU
550021109,LULU
55003A108,LVLU
55003A207,LVLU
550241103,LUMN
550249106,LMRI
55024U109,LITE
55025L108,LFT
550351100,LUNA
550424303,LAZR
55083R203,LYEL
55087P104,LYFT
55234L204,LYRA
55261F104,MTB
55262C100,MBI
552641102,MAIA
552690109,MDU
552727109,XMCRX
55272X607,MFA
552737108,MMT
552738106,MFM
55273C107,MIN
55273E848,MQGIX
55273G298,MDIJX
55274E102,XMFVX
55277P104,MGEE
55279B301,LITS
552848103,MTG
55285N109,MDBH
55286W108,MFSB
55286W207,MFSG
55286W306,MFSM
55286W405,MFSI
55286W504,MFSV
55286W801,BRIE
55286W884,BREE
55287L101,MBX
552939100,MGF
55293N109,MDA
552953101,MGM
55302P202,MGTI
55303J106,MGPI
55305B101,MHO
55306N104,MKSI
55318A108,MNTN
55328R109,TIOG
553368101,MP
55336V100,MPLX
553498106,MSA
553530106,MSM
55354G100,MSCI
553745118,MSPRZ
553745126,MSPRW
553745407,MSPR
55374X208,MSIF
55379N106,MTHRY
55380K109,MPTI
55380K125,MPTI-WS
553810102,MVBF
55405W104,MYRG
55405Y100,MTSI
55406W103,LUXE
554382101,MAC
55445L100,MNR
55453W501,MKZR
555927201,PWER
555927409,LRGG
555927508,EMEQ
555927607,EXUS
555927862,FRWD
555927870,HTAX
556099109,MGNX
556162105,MCZAF
55616P104,M
556269108,SHOO
55658T105,MAIR
557437100,MCN
557441201,MSTI
557441409,CVRD
557441508,DIVL
557492618,MMDAX
558256103,MSGE
55825T103,MSGS
55826T102,SPHR
558868105,MDGL
559166103,MGIC
559222401,MGA
55933J203,MX
55939A107,MAGN
55955D100,MGNI
559663109,MGY
55977T208,MGYR
56035L104,MAIN
560599201,IMLPX
56062X500,MSDIX
56063U521,MMHIX
56064K100,MMD
56064Q107,MEGI
56064Y100,MNSB
560877300,MKTAY
56089A400,MAKO
56108H105,MLYBY
56117J100,MBUU
56146T103,MAMA
56155L108,TUSK
56164V105,MANI
56164V204,MHY
56164V303,MATE
56164V402,MEMA
56167N183,KHPI
56167N191,TOGA
56167R606,LCR
56167R705,LST
56167R820,KAMO
56170L612,SWP
56170L661,TOAK
56170L687,SJCP
56170L695,VGSR
56270V205,MGRX
562750109,MANH
562803106,LOAN
563122100,MHTX
563571405,MTW
563771203,MTEX
56400P706,MNKD
56418H100,MAN
56501R106,MFC
565394103,CART
56564V101,MAQC
56564V119,MAQCW
56564V200,MAQCU
56565P103,MPLT
565759206,MBBC
565788106,MARA
56585A102,MPC
56600D107,MRVI
56624R108,MCHX
566324109,MMI
566330106,MCS
567908108,HZO
568423107,MARPS
568427108,MPX
570535104,MKL
57055L206,MRKR
57060D108,MKTX
57064P206,MKTW
571354208,MRAI
57142B203,MQ
57164Y107,VAC
571748102,MRSH
571903202,MAR
573075108,MRTN
573134103,MRT
573284106,MLM
573331105,MMLP
573810207,MARUY
573863107,MWYN
573874104,MRVL
57403M104,MGLD
574599106,MAS
574817102,KNOW
57628N101,MAMO
57630J502,GWAV
576323109,MTZ
57633B100,MHH
57636Q104,MA
57637H103,MCFT
57638P104,MBC
576485205,MTDR
57667L107,MTCH
57667T100,MTLS
576690101,MTRN
576810303,MTNB
576853105,MTRX
57686G105,MATX
577081102,MAT
577125735,MCHS
577125784,MKOR
577125792,MEMX
577125818,MEM
577125826,MINV
577125834,MCH
577128101,MATW
577130578,ASIA
577130610,INDE
577130628,EMSF
577345101,MLP
57776J100,MXL
57777K106,MXCT
57778N406,BGDE
577933104,MMS
57808L305,MINE
578473100,MAYS
578605107,MEC
578784100,MAZE
579780107,MKC-V
579780206,MKC
580135101,MCD
58039P305,MUX
580589109,MGRC
580907103,MH
58155Q103,MCK
582270609,MCLDF
583543301,SLNH
583928106,MFIN
58406B202,MDVLQ
58450D104,MDIA
58450V104,MAX
58463A105,MJNA
58463C101,MSITF
58463J304,MPT
58468P206,MNOV
58470H101,MED
58471K111,MDCXW
58471K202,MDCX
58489M109,MDMN
58490H107,MDNAF
58502B106,MD
58503T205,MDLM
58506Q109,MEDP
58507V107,MDLN
58510H103,MRM
58533E103,MPNGY
585464100,MLCO
58733R102,MELI
587376104,MBWM
588056101,MERC
58844R108,MBIN
58933Y105,MRK
589378108,MRCY
589400100,MCY
589492107,MREO
58958P104,MRBK
589889104,MMSI
59001A102,MTH
590106100,MRLN
590479408,RJET
59064R109,MLAB
590660106,MTR
590672101,MSB
590717401,MESO
59100U108,CASH
59102M104,MGX
59124U605,MTA
591322102,TMCR
59134N302,MMATQ
591408109,GBCHF
59151K108,MEOH
591520200,MEI
59156R108,MET
59165J105,MCBS
591774104,MCB
592688105,MTD
592770101,MXC
592834105,MXE
592835102,MXF
59318B108,XCXHX
59318D104,XCXEX
59318E102,XCMUX
59318T109,XCIFX
59356Q108,MIAX
59410T106,MGDDY
59490A100,MWC
594918104,MSFT
594972408,MSTR
595017104,MCHP
59503A204,MBOT
59509P106,MMTIF
595112103,MU
59516C106,MVST
59522J103,MAA
59540G107,MPB
59548Q107,MSVB
596278101,MIDD
596304204,MBCN
596680108,MSEX
597742105,MSBI
59833H200,BCHT
598511103,MOFG
59935P209,MLSS
59935V107,MIST
59982U200,SUIG
600379101,XHIEX
600544100,MLKN
600551204,MLR
601137102,MRP
602496101,MDXG
602566309,MIND
602687105,HYFT
603158106,MTX
603170101,MLYS
603380205,NERV
60365F109,MMED
60365W201,FIEE
603693201,INKT
60458C104,MIRA
60471A101,MIR
604749101,MIRM
60500F204,MFLTY
60510V108,AVO
60649T107,MG
606710200,MITK
606776201,MIELY
606783207,MITEY
606822104,MUFG
606827202,MITSY
60687Y109,MFG
60705V103,MOBI
607371101,MGAM
60739N101,BEEP
60741F104,MBLY
60742B110,MOBBW
60743F128,MOBQW
60743F607,MOBQ
60743G118,MOBXW
60743G209,MOBX
60744M106,MBGL
60770K107,MRNA
607828100,MOD
60784B101,MDV
60785L306,MODD
60786M105,MC
608012308,MOGU
60801P307,MGUY
608190104,MHK
60852L205,MKDTY
60853G106,MOLN
60855D408,MBRX
60855R100,MOH
60871R209,TAP
60879E119,MNTSW
60879E408,MNTS
609027107,MCRI
609207105,MDLZ
60937P106,MDB
609839105,MPWR
610236101,MNRO
61023L207,MNPR
61174X109,MNST
612160101,AIRJ
612160119,AIRJW
61218C103,MNTK
61225M102,GLUE
615111101,ONT
615369105,MCO
615394202,MOG-A
615394301,MOG-B
61559X104,MLTX
61692G109,MSBT
617446448,MS
61744H105,MSD
61745C105,IIF
617468103,XCAFX
617477104,EDD
61769L841,MSSM
61769L858,MSLC
617700109,MORN
61774A103,MSDL
61774R106,CVIE
61774R114,EVPF
61774R205,CVLC
61774R304,CDEI
61774R403,CVMC
61774R601,CVSB
61774R700,EVSB
61774R767,EVMO
61774R775,PEPS
61774R817,XAGG
61774R825,EVSD
61774R833,EVLN
61774R841,EVTR
61774R858,EVSM
61774R866,PAPI
61774R874,PHEQ
61774R882,EVIM
61945C103,MOS
620071100,MPAA
620076307,MSI
62011B201,MSGM
62014P504,MOTS
62188E103,MLCI
62404B107,MCAG
62404B115,MCAGR
62404B206,MCAGU
62426E402,MPVDF
624580106,MOV
62459M305,MOVE
62459N105,MVLA
62459N113,MVLAW
62464R109,MITQ
624756102,MLI
624758108,MWA
62548M209,CTEV
626188106,MURGY
626425102,MRAAY
626717102,MUR
626755102,MUSA
62818Q302,MBIO
628380404,MDISX
62844N406,MYSZ
628464109,MYE
62855J104,MYGN
62856X201,AKR
62856X300,QCLS
62857J201,MYO
62857X101,MYNAY
628778102,NBTB
62878D100,NABL
62886E108,VYX
628877201,NCSM
628988107,MYND
62911P300,GXAI
62913M107,NGL
62914V106,NIO
629156407,NL
629209305,NMIH
629337106,NNBR
629377508,NRG
6293JP109,NSTS
629444209,NRXP
629445206,NVEC
62944T105,NVR
62955J103,NOV
62955X409,NAAS
629579103,NC
63001N106,NATL
630079101,SLSN
630087302,NNVC
63008G203,NNDM
63008J884,FEED
63009J107,NBTX
630104305,NHIQ
63010H108,NNE
630402105,NSSC
631103108,NDAQ
631512209,NPSNY
632307104,NTRA
632347100,NATH
63245Q105,NAUH
632525408,NABZY
633707104,NBHC
634865109,NKSH
635017106,FIZZ
635309206,NCMI
635906100,NHC
636180101,NFG
636274409,NGG
63633D104,NHI
637215104,NPK
637372202,NRC
637417106,NNN
63845R107,EYE
63847Q107,NWMH
63873X307,GQI
63873X406,LSCP
63873X505,LSTB
63875W208,VNSE
63875W406,LSGR
638842302,NAII
63886Q109,NGS
63888P406,NHTC
63888U108,NGVC
63900P608,NRP
639027101,NATR
63903P118,NMHIW
63903R106,NWGL
639057207,NWG
63905A200,NTZ
63909J108,NAUT
63911H116,KITTW
63911H405,KITT
639193101,NAVN
63937X202,NAVBQ
63938C108,NAVI
63942X106,NVTS
63945M107,NBBK
63947U107,NCNO
63947X101,NCNO
640268306,NKTR
64031N108,NNI
640442208,NMRD
640491106,NEOG
64049M209,NEO
64051A101,NTHI
64051M709,NEON
640655106,NEOV
640655114,NEOVW
640671400,NEPH
64073B103,NP
64079L303,NEPTF
64081V109,NRDY
64082B102,NRDS
64082X203,NGEN
640979100,NMRA
64104Y106,NTOIY
641069406,NSRGY
64107A105,NPWR
64107A113,NPWR-WS
64107N206,LSAK
64110D104,NTAP
64110L106,NFLX
64110W102,NTES
64110Y108,NLOP
64111Q104,NTGR
64113L111,NCPLW
64113L202,NCPL
64115A402,NTWK
64115T104,NTCT
64118P109,NLST
64119N608,NTSK
64119V303,NTST
64121N109,NTIP
64124K102,XNBOX
64124P101,NBH
64125C109,NBIX
641288105,NPCE
64128C106,NHS
64128C130,NHS-R
64129H104,NML
64130M308,NMTC
64131A105,STIM
64132R503,MTVA
64133Q108,NBXG
64134X201,NRXS
64135A101,NBET
64135A200,NBDS
64135A408,NBCM
64135A507,NBCE
64135A705,NBOS
64135A770,NBIE
64135A804,NBSM
64135A853,NBJP
64135A861,NBCR
64135A887,NBSD
64135M105,NGNE
64136E102,NEUP
641876800,XXHYBXX
64190A103,XNROX
642045108,AESI
643611106,GBR
64361Q101,VNOM
644206104,NEN
64428N109,NUAI
64428N117,NUAIW
644323107,FSSL
644393100,NFE
64440N103,NFGC
644465106,GF
64550A107,HOVR
64550A115,HOVRW
645827205,IDR
646025106,NJR
647551100,NMFC
647581206,EDU
64782A107,NEWP
648018109,ANWPX
648018828,ANWFX
64828T201,RITM
649280823,NFFFX
649285103,NWGC
649439304,NYC
649445400,FLG
64953X308,NISM
64953X407,CLOO
649604840,ADAM
650111107,NYT
65101L104,NBST
65101L112,NBSTW
65101L203,NBSTU
651229106,NWL
651587107,NEU
65158N102,NMRK
651639106,NEM
651718504,NPKI
65249B109,NWSA
65249B208,NWS
65250K105,NMAX
652526203,NEWT
65290E101,NXT
652941105,NXXT
65336K103,NXST
65339F101,NEE
65340G205,NXDT
65340P106,NXE
65341B106,XIFR
65341D102,NXRT
65342K105,NEXT
65342T106,NODK
65342V101,NREF
65343E207,NXTC
65344D208,NEXI
65344E107,NXGL
65344E115,NXGLW
65344G201,NXTP
65345B201,NXL
65345M108,NXDR
65345N106,NN
65346E204,NEXM
653656108,NICE
65373A109,OMCC
65405R302,NICM
65406E102,NIC
654090109,NJDCY
654106103,NKE
654111103,NINOF
654405208,NMTRQ
65441V200,NINE
65442R208,JFU
65443P102,MASS
654445303,NTDOY
654484153,NIOBW
654484609,NB
654624105,NTTYY
65473P105,NI
654744408,NSANY
65481N100,NIU
65487K100,LASR
65487U108,NKTX
65487X102,NOAH
65488A101,NKGN
65488A119,NKGNW
654902204,NOK
65500B103,NRTSF
655187110,ACONW
655187409,ACON
65531Y106,NOMA
65535H208,NMR
65540B303,NDLS
65558R109,NRDBY
655663102,NDSN
655844108,NSC
656553104,NSYS
65676T102,USMJ
656811106,NOA
659310106,NRT
66373M408,NCL
66405S100,NBN
664121100,NECB
664925708,ESN
664925807,WMSB
664925864,PRMR
664925880,WCPB
66510M204,NAK
665162111,TIPD
665162129,TIPC
665162137,TIPB
665162145,TIPA
665162194,TAXT
665162210,TAXI
665162228,TAXS
665162582,NOEMX
66537J408,NSI
66537J507,BAMD
66537J606,BAMG
66537J705,BAMV
66537J796,PTL
66537J804,BAMB
66537J820,MVFD
66537J838,MSSS
66537J846,MDPL
66537J853,BAMY
66537J861,BAMO
66537J879,BAMA
66537J887,BAMU
66537X332,TMREX
66538F140,PSTR
66538F165,FFLS
66538F231,FFND
66538H179,BUYW
66538H187,FDLS
66538H237,INTL
66538H245,MPRO
66538H252,MBCE
66538H260,MAMB
66538H278,TMAT
66538H369,GLRY
66538H393,RISN
66538H419,WWJD
66538H534,BIBL
66538H591,SECT
66538H633,IBD
66538H641,ISMD
66538H658,BLES
66538J258,DFTT
66538J282,DUKZ
66538J738,THY
66538R532,SCLZ
66538R540,CPAI
66538R722,HYTR
66538R730,LGH
66538R748,QQH
665531307,NOG
665809109,NTIC
665859104,NTRS
66661N886,NPB
666762109,NRIM
666807102,NOC
667340103,NWBI
66737P600,NWBO
66765N105,NWN
667746101,NWPX
668074305,NWE
668771108,GEN
668771116,GENVR
669549107,NWFL
66979P300,XMAX
66979W842,NMG
66981J102,MNSO
66982H105,NVA
66987E206,NG
66987P508,SDEV
66987V109,NVS
670002401,NVAX
67000B104,NOVT
670100205,NVO
67010L100,NVX
67011P100,DNOW
67011R205,NDEV
67011T300,NVOS
67018T105,NUS
67021W111,BURUW
67021W400,BURU
67022C304,NCNA
670346105,NUE
67054R112,DFNSW
67059N108,NTNX
67060Q108,XNOMX
67060U208,NPHC
67061E104,NMT
67061T101,NIM
67061W104,NAZ
67062C107,NCA
67062F100,NXP
67062J102,NMI
67062M105,NNY
67063V104,XNXNX
67064R102,NPV
670651108,XNCMX
670656107,NRK
670657105,XNEAX
670663103,NMCO
67066G104,NVDA
67066V101,NAD
67066X107,NAN
67066Y105,NAC
670682103,NMZ
670695105,NUW
670699107,QQQX
67069Y102,XNXJX
6706ER101,XBXMX
6706EW100,XSSPX
670706100,XNYVX
67070X101,NZF
670713635,NUDG
67071B108,JRS
67071L106,NVG
67072T108,JFR
670734102,NMS
670735109,JLS
67073B106,JPC
67073D102,XJQCX
67074C103,NBB
67074Y105,JRI
670750108,NMAI
67075A106,XJPIX
67075F105,XDIAX
67075G103,JGH
67075J107,JMM
67077M108,NTR
67079K100,SMR
67079U306,NUTX
67079X102,NDMO
67080D103,NPCT
67080M103,NRIX
67080N101,NUVB
67080R102,NPFD
67080T108,NVCT
670837103,OGE
67086U406,OLB
67090S108,NCDL
67090X107,JCE
670928100,NUV
67092M125,NTRBW
67092M208,NTRB
67092P102,NUAG
67092P110,NUSA
67092P201,NULG
67092P300,NULV
67092P409,NUMG
67092P508,NUMV
67092P607,NUSC
67092P672,NXUS
67092P680,NHYB
67092P698,NSCI
67092P706,NURE
67092P714,NUMI
67092P722,NHYM
67092P730,NCLO
67092P755,NUSB
67092P763,NCPB
67092P797,NUGO
67092P805,NUDM
67092P813,NUDV
67092P854,NUHY
67092P862,NULC
67092P870,NUBD
67092P888,NUEM
670972108,XNQPX
67098H104,OI
67103B100,OFS
67103H107,ORLY
67103X102,OFG
671044105,OSIS
67106E101,OTPIY
67109R109,OPBK
67111Q107,OCCI
67119K102,NUTR
67122G106,QSOL
67125A106,NUIF
671807105,OVLY
67190B203,OAKUU
67401P405,OCSL
674215207,CHRD
67421J207,OTLY
67421W109,OASMY
674375506,OBIOX
674434303,TWAV
674482203,OBE
674599105,OXY
674599162,OXY-WS
674870506,OPTT
675222400,OGC
675232102,OII
675234108,OCFC
675607105,OFED
675746606,ONIT
67576A100,OCUL
67577C105,OCGN
67577R102,IRD
676118201,OMEX
67613T104,ODTX
676206105,NXB
67623C307,OPI
67623L117,OPADW
67623L505,OPAD
67644C104,OCEA
67644C112,OCEAW
677719106,OVBC
677864100,ODC
678026105,OIS
679295105,OKTA
679580100,ODFL
680033107,ONB
680223104,ORI
680277100,OSBC
68062P106,OLMA
680665205,OLN
681116109,OLLI
68162K106,ZEUS
68170A108,OMDA
681919106,OMC
681936100,OHI
682095104,OFLX
68213N109,OMCL
682143102,OMER
682151303,OMRNY
68217M107,OMQS
682189105,ON
68218J103,OABI
68218J111,OABIW
682310875,ONC
68232V884,TRAW
68234L405,ONCSQ
68235C206,IMDX
68235P108,OGS
68236H204,ONDS
68236V401,FRMM
68236X100,STLN
68236X118,STLNW
68237F108,OFRM
68237V103,ONCY
682406103,OLP
68243Q106,FLWS
68247Q201,YI
68247W109,OSS
682680103,OKE
68268M105,OLMM
68268W103,OMF
68270C103,ONMD
68270C111,ONMDW
68277G107,OGBLY
68277K124,ONFOW
68277K207,ONFO
68277Q105,OKUR
68280L101,ONEW
68287N100,OSPN
683344105,ONTO
683373401,OTRKQ
683416101,OOMA
68347P103,OPAL
683712103,OPEN
683712129,OPENW
683712137,OPENL
683712145,OPENZ
683715106,OTEX
68373L505,CFOR
68373M107,OPRA
68375N103,OPK
68376D104,OPRT
683797104,OPY
683827208,OCC
68384X209,OPXS
68386H103,OPFI
68386J208,CYVNY
68389X105,ORCL
68390D106,OR
68401P403,OPHC
68401U204,OPRX
684023609,OGEN
68403P203,ORMP
68404L201,OPCH
684060106,ORANY
68417L107,OBT
68554V108,OSUR
68557F308,NXPL
68558W102,EORBF
68571X301,ORC
68572M106,OBIO
68617J100,OGI
68619K303,ORGS
68620A302,VIVS
68621F102,ORGO
68621T102,OBK
68622E203,BARK
68622P109,ORIC
68622V106,OGN
686275207,OESX
68627G104,ORIO
68628V308,ORN
68629Y103,ONL
686330101,IX
686688102,ORA
687380105,ORRF
68752L100,KIDS
68752M108,OFIX
687604108,ORKA
68764Y207,OSTX
687793109,OSCR
688239201,OSK
68827X105,OGG
68839C206,OBTC
68840D102,OSRH
68840D110,OSRHW
68902V107,OTIS
689195105,OTTW
689648103,OTTR
68989M202,OUST
69002R103,TEAD
69007J304,OUT
69012T305,OTLK
690145206,OM
690370101,BBBY
690469101,OVID
69047Q102,OVV
690732102,ACH
690742101,OC
69120X206,OWLT
69121K104,OBDC
691497309,OXM
691543847,OXLC
69181V107,OXSQ
693149106,PAMT
69318G106,PBF
69318J100,CNXN
69318V103,PBBK
69320M109,PCB
69323T101,PCM
69325Q105,PEW
693282105,PDFS
69331C108,PCG
69343P105,LUKOY
69343T107,PJT
69344A107,PULS
69344A206,PHYL
69344A693,PJUS
69344A701,PAB
69344A727,AAAD
69344A735,PCL
69344A743,PCI
69344A750,PCS
69344A776,PMIO
69344A784,PSH
69344A792,PJFM
69344A800,PTRB
69344A818,PJIO
69344A834,PAAA
69344A842,PSDM
69344A867,PJFV
69344A875,PJFG
69344A883,PFRL
69344D408,PHI
69346H100,ISD
69346J106,GHY
69346N107,PDX
693475105,PNC
693483109,PKX
693486110,PMVCW
693489114,VEEAW
693489122,VEEA
69349H107,TXNM
693506107,PPG
69351T106,PPL
69353Y103,PMVP
69354N106,PRAA
69355J104,SDHY
69355M107,PDO
69364M205,PITPY
693656100,PVH
69366J200,PTCT
69366X100,BKRKY
69367Q104,UNLRY
69367U105,PPERY
69367X109,PTAIY
69368A108,PTKFY
69368G105,PBCRY
693691115,PSQH-WS
69369J108,PTMEY
69369R100,PTXKY
69369T106,PTJSY
69369X107,PBDBY
69370C100,PTC
693718108,PCAR
69374H105,PTLC
69374H113,MFEB
69374H121,MDCR
69374H139,MAUG
69374H147,LADM
69374H204,PTMC
69374H220,SCOW
69374H238,LCOW
69374H246,QQWZ
69374H261,FOWF
69374H279,MILK
69374H287,QSIX
69374H295,GLBL
69374H303,PTNQ
69374H311,PATN
69374H345,EAFG
69374H352,CAFG
69374H360,COWG
69374H378,SHPP
69374H386,TRFK
69374H394,ODDS
69374H402,PEXL
69374H428,FLRT
69374H436,QDPL
69374H451,PSFO
69374H469,PSFJ
69374H477,PSFM
69374H485,PSMO
69374H493,PSMJ
69374H519,PSMR
69374H527,PSCQ
69374H535,PSCJ
69374H543,PSCW
69374H550,PSMD
69374H568,PSFF
69374H576,PSFD
69374H584,PSCX
69374H634,USAI
69374H642,PTBD
69374H659,HERD
69374H667,BUL
69374H675,TRND
69374H683,PTIN
69374H709,GCOW
69374H717,ALTL
69374H725,PAMC
69374H741,SRVR
69374H766,INDS
69374H808,PTEU
69374H816,PALC
69374H840,PWS
69374H857,CALF
69374H865,ECOW
69374H873,ICOW
69374H881,COWZ
69376K106,RPC
69380Q107,PACS
69384J109,MJUN
69384J208,MMAR
69384J307,MMAY
69384J406,MNVR
69384J505,MSEP
69402P103,PCFBY
69404D108,PACB
694103102,ROYTL
69420N106,JANP
69420N205,PBJA
69420N528,PQOC
69420N536,PQJL
69420N544,PQAP
69420N551,PQJA
69420N601,PBMR
69420N718,BUFP
69420N783,PBSE
69420N809,PBAP
69420N825,AUGP
69420N833,PBJL
69420N841,JULP
69420N858,PBJN
69420N874,PBMY
695127100,PCRX
695156109,PKG
69553P100,PD
696077601,PTN
69608A108,PLTR
696389402,PALI
696930106,PSQO
696930205,PSQA
69702V107,PSBD
697435105,PANW
69753M105,PLMR
69764K106,IPM
697660207,PAM
697900108,PAAS
697947109,PVLA
69807K105,DQJCY
698668100,PAOG
698813102,PZZA
69882P102,PPYA
69882P110,PPYAW
69882P201,PPYAU
698884103,PAR
69888T207,PARR
698955101,PBLS
69924M109,PZG
69932A204,PSKY
70014A104,PKE
700215304,TRAK
700402100,PARK
700517105,PK
700658107,PRK
700666100,PKOH
700885106,PKBK
701094104,PH
701354300,PRKR
701769101,PRBLX
701769606,PRVS
70202L102,PSN
70261F111,KTTAW
70261F202,KTTA
702712209,PASG
70319A106,PFND
70319R109,PBHC
703343103,PATK
70336F203,PNBK
70336G102,PGYC
70339W104,PTRN
70343P103,PTTN
703481101,PTEN
70387R502,PAVM
704223387,BLDX
70424C203,PXMD
704326107,PAYX
70432V102,PAYC
70438V106,PCTY
70439P108,PAY
70450C101,PAYP
70450Y103,PYPL
70451A104,PAYS
70451X104,PAYO
70454Q304,PZOO
704551100,BTU
70465T107,PDSB
704699107,PGC
705015105,PSO
70509V100,PEB
70532Y402,PED
705573103,PEGA
70580B106,GLND
70580B114,GLNDW
70614W100,PTON
706327103,PBA
706915105,PENG
707569109,PENN
70805E109,PNTG
708062104,PNNT
70806A106,PFLT
70931T103,PMT
70932M107,PFSI
70959W103,PAG
70975L107,PEN
709789101,PEBO
710577107,PEBK
71103B102,PFBX
711040105,PFIS
713317105,PEPG
713448108,PEP
71360T200,PRSO
71363P106,PRDO
71367G102,PWP
713715100,PMNT
71377A103,PFGC
71385M107,PRM
714046109,RVTY
714157203,PESI
714167103,PPIH
714236106,PBT
71424F105,PR
714254109,PRT
71425H100,PVL
714266103,PPTA
715318101,PSMMY
71531T105,PSUS
71531U102,PS
71535D106,PSNL
715684106,TLK
71601V105,WOOF
716382106,PETS
71654V101,PBR-A
71654V408,PBR
71676G108,PSUD
71677C106,PTOG
716817119,PETVW
716817408,PETV
717081103,PFE
71715X203,PMCB
71716E105,PHAR
71722W107,PHAT
71723F103,PZRXQ
71742Q106,PAHC
71742W103,PFX
718172109,PM
71844V201,PECO
718546104,PSX
71880K101,PHIN
71880W501,PHIO
718968100,PXED
71902K113,CEROW
71902K402,CERO
71910C202,FENG
719405102,PLAB
71944F106,PHR
71948P209,PHUN
720190206,PDM
72147K108,PPC
722005667,PCRIX
72200M108,XPCKX
72200N106,XPCQX
72200U100,PCN
72200W106,PML
72200X104,RCS
72200Y102,PNI
722011103,XPGPX
722014107,PHK
72201A103,XPMQX
72201B101,PTY
72201C109,XPZCX
72201F490,PIMIX
72201H108,PFL
72201J104,PFN
72201M719,PONPX
72201R205,STPZ
72201R304,LTPZ
72201R403,TIPZ
72201R544,PCPI
72201R551,SPLS
72201R569,PMBS
72201R577,BILZ
72201R585,PYLD
72201R593,CMDT
72201R619,PRFD
72201R627,LONZ
72201R635,MINO
72201R643,EMNT
72201R718,LDUR
72201R775,BOND
72201R783,HYS
72201R817,CORP
72201R833,MINT
72201R866,MUNI
72201R874,SMMU
72201R882,ZROZ
72201T342,RAFE
72201Y101,PDI
72202L363,MFUS
72202L371,MFDX
72202L389,MFEM
72202M106,PFLEX
72203T100,PAXS
722304102,PDD
72303K405,PAPL
72303P503,SUNE
72341E304,PNGAY
723484101,PNW
72348N109,PNFP
72352G206,JF
72352L106,PINS
723561106,PBFS
723653101,XHNWX
72369H106,XPHTX
72369J102,XPHDX
723760104,XMIOX
723762100,XPMAX
723763108,XMHIX
723836300,PPSI
724078209,PIPR
724479100,PBI
72581M404,PXLW
726503105,PAA
72651A207,PAGP
72703D100,PLPL
72703H101,PLNT
72703U201,PLAG
72703X106,PL
72765Q882,PLG
727667107,PDOS
72814P109,PLBY
72815G108,MYPS
72815L107,PLTK
729132100,PLXS
729139105,PLRX
72919P202,PLUG
729273102,PLBC
72941H806,CNSY
72942G203,PLUR
729640102,PLYM
73017P508,ELAB
73044W302,POET
73102V204,POLA
731068102,PII
731105409,PSNY
731105607,PSNYW
73110F100,PLYX
73181R207,POM
731916144,PLM-R
732344106,PDLB
73245B107,SBC
73245B115,SBCWW
73278L105,POOL
732908108,PONY
733174700,BPOP
733245104,PRCH
73642K106,PTLO
736508847,POR
73688F201,BCIC
737446104,POST
73757R102,PSTL
737630103,PCH
738920115,ASBPW
738920305,ASBP
739128106,POWL
739276103,POWI
73931J109,AIOT
73933G202,PSIX
73933H309,PW
73933V100,PBK
73935X153,PDP
73936T615,PBD
73936T789,PXF
73937B837,PSCU
73942D109,PNYTF
739650109,PROP
74006F105,PXYN
74006W207,PRAX
74016W205,HSBH
74016W403,SHEH
74017N105,PGEN
74019L602,PRPO
74019P207,DTIL
74022D407,PDS
740294400,POCI
740367404,PFBC
74039M408,AGPU
740444104,PLPC
74065P101,PRLD
74102L113,SQFTW
74102L501,SQFT
74102N101,FTW
74102N119,FTW-WS
74112D101,PBH
74113T105,PRST
74113T113,PRSTW
74144T108,TROW
741479109,PRGFX
741480107,PRHSX
74149P788,TRRHX
741511109,PSMT
74158E104,PNRG
74160Q202,POAGX
741623102,PRMB
74164F103,PRIM
74164M108,PRI
74167B109,FRST
74168J101,PRME
74179A107,BPRN
74251V102,PFG
74255X104,PGZ
74255Y102,YLD
74255Y201,PSET
74255Y300,PY
74255Y607,PSC
74255Y698,PIEQ
74255Y714,BCHP
74255Y763,PQDI
74255Y821,IG
74255Y870,USMC
74255Y888,PREF
74265M205,PDEX
742718109,PG
74273Y100,PRZM
74275C403,PCSA
74275G107,PRTH
74275K108,PCOR
74276L105,PRCT
74276R102,PRVA
74277P105,BRR
74277P113,BRRWW
74280R205,UFO
74291D104,PROK
74312Y400,IPDN
74316P538,WAGN
74316P579,AKRE
74316P587,CAFX
74316P637,CAML
74316P645,CSMD
74317M104,PAL
743185704,BLPIX
74319B502,PROF
74319N100,ACDC
74319R101,PRG
743312100,PRGS
743315103,PGR
74340E103,PGNY
74340W103,PLD
74345W207,PRPH
74346M505,PMN
74346N800,PPCB
74347B169,ONLN
74347B201,TBT
74347B235,DOG
74347B250,MYY
74347B276,DXD
74347B375,CLIX
74347B391,EQRR
74347B425,SH
74347B490,UBR
74347B508,TOLZ
74347B540,EUDV
74347B557,SPXT
74347B565,SPXV
74347B573,SPXN
74347B581,SPXE
74347B607,IGHG
74347B680,REGL
74347B698,SMDV
74347B748,SKF
74347B839,EFAD
74347B847,EMDV
74347G135,SDOW
74347G143,SRS
74347G150,SKF
74347G168,TWM
74347G176,DUG
74347G184,BITI
74347G218,SDP
74347G234,IQQQ
74347G242,ISPY
74347G267,ION
74347G317,SUPL
74347G325,VERS
74347G366,REK
74347G374,DXD
74347G382,SKF
74347G390,SRTY
74347G440,BITO
74347G457,DAT
74347G465,TINY
74347G481,MAKX
74347G507,TMDV
74347G515,CTEX
74347G523,OND
74347G572,SDD
74347G580,MZZ
74347G606,TDV
74347G671,QQQA
74347G705,DIG
74347G770,UCYB
74347G788,SKYU
74347G796,ANEW
74347G804,OILK
74347G887,TTT
74347M108,PUMP
74347R107,SSO
74347R131,SJB
74347R172,UBT
74347R180,UST
74347R206,QLD
74347R214,BIB
74347R248,CSM
74347R263,LTL
74347R305,DDM
74347R313,PST
74347R404,MVV
74347R669,USD
74347R685,UPW
74347R693,ROM
74347R727,UXI
74347R735,RXL
74347R750,UCC
74347R768,UGE
74347R776,UYM
74347R818,SAA
74347R842,UWM
74347W130,SVXY
74347W270,YCL
74347W338,VIXM
74347W353,AGQ
74347W569,YCS
74347W601,UGL
74347W874,ULE
74347W882,EUO
74347X294,HDG
74347X302,EET
74347X500,EFO
74347X526,UPV
74347X625,URE
74347X633,UYG
74347X708,EZJ
74347X799,URTY
74347X815,UMDD
74347X823,UDOW
74347X831,TQQQ
74347X849,TBF
74347X864,UPRO
74347X880,XPP
74347Y656,SCO
74347Y664,BOIL
74347Y672,ZSL
74347Y680,UVXY
74347Y698,GLL
74347Y730,VIXY
74347Y813,KOLD
74347Y888,UCO
74348A145,PAWZ
74348A152,SRTY
74348A210,RWM
74348A228,RXD
74348A467,NOBL
74348A533,PEX
74348A541,HYHG
74348A566,MRGR
74348A608,TBX
74348A707,UJB
74348A814,RINF
74348T102,PSEC
74349W112,SOARW
74349W302,SOAR
74349Y100,EETH
74349Y308,BETH
74349Y373,TSLI
74349Y381,PLTA
74349Y399,NVDB
74349Y407,BETE
74349Y449,URSP
74349Y530,SCC
74349Y548,SMDD
74349Y555,SIJ
74349Y563,SBIT
74349Y571,ETHT
74349Y589,RB
74349Y597,QB
74349Y613,FB
74349Y696,QQUP
74349Y704,BITU
74349Y712,EWV
74349Y720,EPV
74349Y738,EFU
74349Y746,EUM
74349Y753,SH
74349Y761,SEF
74349Y787,ITWO
74349Y829,QID
74349Y837,PSQ
74349Y845,SPXU
74350P394,SIJ
74350P436,EFZ
74350P444,BZQ
74350P469,BIS
74350P477,SZK
74350P493,SMN
74350P527,EMTY
74350P535,SBB
74350P543,CRCA
74350P550,ETHD
74350P576,FXP
74350P584,SSG
74350P592,SETH
74350P634,EEV
74350P642,SRTY
74350P659,SPXU
74350P667,SDS
74350P675,SQQQ
74350P691,IQMM
74350U740,SPCF
743606105,PB
74365A309,PLX
74365N301,PTIX
74365P108,PROSY
74365U107,TARA
74366E102,PTGX
743713109,PRLB
74373P108,PVCT
743868101,PROV
74386T105,PFS
744320102,PRU
74435K204,PUK
744413113,PIIIW
744413204,PIII
74441M103,PTBRY
744430208,PPHC
74443G104,PTMSY
74449F118,PBMWW
74449F407,PBM
744573106,PEG
74460D109,PSA
74467Q103,PUBM
74535X106,PUGE
745848101,LUNG
74584P301,PULM
745867101,PHM
74587B101,PLSE
74587V107,PBYI
74609P104,PURA
746228303,PCYO
746237106,PRTCY
74623V103,PCT
74623V111,PCTTW
74623V202,PCTTU
74624M102,P
74638P307,PPBT
746729300,PVAL
746729409,PGRO
746729508,PBDC
746729748,FTPA
746729763,FTNY
746729771,FTNJ
746729789,FTMH
746729797,FTMU
746729813,FTMN
746729839,FTCA
746823103,PMM
746853100,PPT
746909100,PIM
746922103,PMO
746962307,QTI
746964105,QTTB
74727A104,QCRH
747301109,QUAD
747316107,KWR
747324101,PYXS
74736K101,QRVO
74736L109,QTWO
74738J508,XHG
74741A106,OWNS
74743L100,Q
747525103,QCOM
74754R301,AIXC
74758T303,QLYS
747619104,NX
74762E102,PWR
74764Y205,QNTM
74765K105,QSI
74766Q101,QTRX
74766W108,QUBT
74767K103,QNC
74767N107,HERE
74767V109,QS
74768A104,QNT
747713105,QTRHF
747798106,HTT
747906600,QMCO
74834L100,DGX
74836C108,QOIL
74836W203,QRHC
74837P405,QUIK
74838J101,QDEL
74841A105,QETA
74841A113,QETAR
74841A204,QETAU
74874Q100,QNST
74907L409,QNRX
74915J206,QTTOY
74930B105,RBB
74933W148,CPAG
74933W189,LDRX
74933W213,RBIL
74933W221,LFSC
74933W254,USDX
74933W395,ZTRE
74933W411,ZTEN
74933W429,ZTWO
74933W445,ZHOG
74933W452,TBIL
74933W460,XBIL
74933W478,OBIL
74933W486,UTWO
74933W494,UTRE
74933W510,UFIV
74933W528,USVN
74933W536,UTEN
74933W544,UTWY
74933W551,UTHY
74933W577,DYTA
74933W593,SGLC
74933W601,TMFC
74933W627,TMFM
74933W635,TMFG
74933W643,TMFE
74933W650,TMFX
74933W874,TMFS
74933X708,VTAK
74934Q108,RICK
74935Q107,RBA
749360400,RCMT
74938Y875,MFVL
74940T104,GIFT
749552105,RFIL
74955L103,RGCO
749607107,RLI
74965L101,RLJ
749660106,RES
74967R106,RMR
74967X103,RH
749685103,RPM
74969N103,RLX
74982T103,RXO
750102105,RXT
750236101,RDN
75025X100,RLGT
750491102,RDNT
75062E106,RFL
750723108,RADLY
75080J103,RAIN
75080J111,RAINW
750917106,RMBS
750940108,RAL
75102W108,RKUNY
75120L209,RLYB
751212101,RL
75134P501,METCB
75134P600,METC
752185207,RAND
75281A109,RRC
75282U104,RNGR
753018100,RANI
753040104,ROC
75321W103,PACK
75340L104,RPID
753422104,RPD
75381A108,REA
75383L102,RAPP
754198109,RAVE
754387108,RVVQF
754640100,CNQQ
754640308,RWIN
754730109,RJF
754907103,RYN
75508B104,RYAM
75513E101,RTX
75524B104,RBC
75524W108,RMAX
75525E107,RCMH
75526L662,LVIG
75526L761,ICPY
75526L852,EBI
75526L860,COPY
75526L878,FEOE
75526L886,FEGE
755408101,RDI
755408200,RDIB
75574U101,RC
75585H206,REAX
75606V101,ALOY
75607T204,AIRE
756109104,O
756158101,UTG
75618M305,REBN
75629J101,RCRUY
75629V104,RXRX
75630B402,NIXX
75644T100,RCAT
756568101,RDEIY
75686R202,RRBI
75689M101,RRGB
75700L108,RRR
75704L104,RDVT
75734B100,RDDT
757468202,RDHL
757468301,RDHL
757479100,REDFY
75776W103,RDW
758075402,RWT
758338404,REED
758750103,RRX
758849103,REG
75886F107,REGN
75887Q102,RGIN
758932206,RGS
75901B107,RGNX
75902K106,RM
75903M309,RHEP
7591EP100,RF
759351604,RGA
759419104,REKR
75943R102,RLAY
75946W504,EZRA
759509102,RS
759530108,RELX
75955J402,RLMD
75955K300,MARK
75960P104,RELY
75970E107,RNST
759720105,RCG
759892300,MTBLY
75989R107,RNXT
759910102,KRMD
759916109,RGEN
759937204,IPO
759937303,IPOS
76009N100,UPBD
76010Y202,RENT
760125104,RTO
76026T205,REPYY
760281204,RBCAA
76029L100,RPAY
76029N106,REPL
760416107,FRBKQ
760759100,RSG
760911107,REFR
761025105,RSSS
761152107,RMD
76118Y104,REZI
76119X105,RSVR
76122Q105,RGP
76129W105,RVP
76131D103,QSR
76131Q104,ANCE
76131U105,RNRTY
76134H101,RHLD
76135L119,REVBW
76135L804,REVB
76151R206,AXIL
76152G209,RVPH
76155X100,RVMD
76155X118,RVMDW
761562305,NVII
761562404,TSII
761562503,DRNZ
761562842,TLDR
761562867,ULTI
761562875,WMTI
76156B107,RVLV
761624105,REX
76169C100,REXR
76171L106,REYN
76200L309,RZLT
76243J105,RYTM
762544104,RBBN
762831303,RIBT
763165107,RELL
76525P100,RMBI
765504105,RR
766559702,RIGL
76655K103,RGTI
76655K111,RGTIW
76657X111,RIGH
76665T102,REPX
76674Q107,RMNI
76676T109,RMRK
76680R206,RNG
76680V108,REI
767204100,RIO
767292105,RIOT
76881Y109,RIV
76882B108,XRSFX
76882G107,OPP
76882H105,XRMMX
76882M104,RMMZ
76883F108,RMI
76883H104,RFM
76883Y107,RFMZ
769397100,RVSB
76954A103,RIVN
76973Q204,RRTS
770323103,RHI
770700102,HOOD
770701100,RVI
771049103,RBLX
77106A108,LAWR
77106T107,BOT
771195104,RHHBY
77311W101,RKT
773121108,RKLB
77313F106,RCKT
77313F114,RCKTW
773903109,ROK
774515100,RCKY
77467X101,RMCF
775109200,RCI
775133101,ROG
77543R102,ROKU
775711104,ROL
775781206,RYCEY
77664L207,ROOT
776650202,RTNB
776696106,ROP
778296103,ROST
778920306,SHAZ
77926X205,XDTE
77926X304,QDTE
77926X320,DRAM
77926X338,MARS
77926X353,XBOX
77926X395,TSYW
77926X486,GDXW
77926X494,GLDW
77926X502,YBTC
77926X528,COSW
77926X585,TOPW
77926X593,MSTW
77926X619,AVGW
77926X627,BRKW
77926X635,HOOW
77926X650,HUMN
77926X668,MAGY
77926X676,WEEK
77926X684,UX
77926X692,TSLW
77926X700,MAGX
77926X718,NVDW
77926X726,PLTW
77926X742,METW
77926X767,COIW
77926X775,AMZW
77926X783,AMDW
77926X791,AAPW
77926X817,MEME
77926X825,RDTE
77926X841,YETH
77926X858,XPAY
77926X874,MAGC
77926X882,OZEM
77926Y708,LOHA
779546100,PRDGX
77954M105,PRWCX
77954Q106,TRBCX
779556109,RPMGX
779562107,PRNHX
77956H658,TRECX
780087102,RY
780259305,SHEL
780287108,RGLD
78081T104,RGT
780910105,RVT
780915104,RMT
78112J117,RBTCW
78112T206,RBCN
781154109,RBRK
78137L105,RUM
78137L113,RUMBW
781386305,RDNW
78163D100,RWAY
781846209,RUSHA
781846308,RUSHB
782011100,RSI
78249U100,RUSC
78249U209,RINT
78249U308,RGLO
78249U407,REMG
78249U506,RIFR
78349D107,RXST
783513203,RYAAY
78351F107,RYAN
783549108,R
783754104,RYZ
78377T107,RHP
783859101,STBA
78397Q109,SES
78397Q117,SES-WS
78397T103,SABS
78397T111,SABSW
78397T202,SABS
78408D105,SBFG
78409V104,SPGI
78410G104,SBAC
78410K667,SEPI
784117103,SEIC
78411R109,SEITX
78413P101,SMHI
78418A802,OLOX
784305104,HTO
78433H303,SPYI
78433H402,BNDI
78433H477,NLSI
78433H485,MLPI
78433H501,CSHI
78433H519,XQQI
78433H543,NIHI
78433H550,IAUI
78433H576,QQQH
78433H584,HYBI
78433H618,IYRI
78433H634,IWMI
78433H642,BTCI
78433H675,QQQI
78435P105,SEZL
78440L107,SKTO
78440P306,SKM
78440X887,SLG
78442P106,SLM
78445W306,SMCAY
78454L100,SM
78462F103,SPY
78463M107,SPSC
78463V107,GLD
78463X103,SPEU
78463X152,NANR
78463X194,NZAC
78463X202,FEZ
78463X301,GMF
78463X400,GXC
78463X418,QWLD
78463X426,QEMM
78463X434,QEFA
78463X459,WDIV
78463X475,SPGM
78463X509,SPEM
78463X533,EDIV
78463X541,GNR
78463X749,RWO
78463X756,EWX
78463X772,DWX
78463X848,CWI
78463X855,GII
78463X863,RWX
78463X871,GWX
78463X889,SPDW
78464A102,XNTK
78464A110,XITK
78464A128,VLU
78464A144,SPBO
78464A151,IBND
78464A201,SLYG
78464A284,HYMB
78464A292,PSK
78464A300,SLYV
78464A334,BWZ
78464A359,CWB
78464A367,SPLB
78464A375,SPIB
78464A383,SPMB
78464A391,EBND
78464A409,SPYG
78464A474,SPSB
78464A490,WIP
78464A508,SPYV
78464A516,BWX
78464A532,XTN
78464A540,XTL
78464A573,XHS
78464A581,XHE
78464A599,XSW
78464A607,RWR
78464A631,XAR
78464A649,SPAB
78464A656,SPIP
78464A664,SPTL
78464A672,SPTI
78464A698,KRE
78464A706,DGT
78464A714,XRT
78464A722,XPH
78464A755,XME
78464A763,SDY
78464A771,KCE
78464A789,KIE
78464A797,KBE
78464A805,SPTM
78464A821,MDYG
78464A839,MDYV
78464A847,SPMD
78464A854,SPYM
78464A862,XSD
78464A870,XBI
78464A888,XHB
78467J100,SSNC
78467V103,RLY
78467V202,INKM
78467V400,GAL
78467V608,SRLN
78467V707,ULST
78467V848,TOTL
78467X109,DIA
78467Y107,MDY
78468R101,SPTS
78468R200,FLRN
78468R390,QNDX
78468R408,SJNK
78468R432,SPTU
78468R440,CERY
78468R457,SPTB
78468R465,SPDG
78468R515,EMHC
78468R523,BILS
78468R531,EFIV
78468R549,XES
78468R556,XOP
78468R606,SPHY
78468R622,JNK
78468R630,ROKT
78468R648,KOMP
78468R655,CNRG
78468R663,BIL
78468R671,FITE
78468R689,HAIL
78468R697,SIMS
78468R705,MMTM
78468R721,TFI
78468R739,SHM
78468R747,SHE
78468R754,ONEV
78468R762,ONEO
78468R770,ONEY
78468R788,SPYD
78468R796,SPYX
78468R804,LGLV
78468R812,QUS
78468R853,SPSM
78468R861,TIPX
78468R887,SMLV
78469C103,PZA
78470E106,EFAX
78470E205,EEMX
78470E700,XCNY
78470P200,STOT
78470P408,XLSR
78470P507,FISR
78470P564,MYHB
78470P572,MYHA
78470P580,PRSD
78470P614,MYCO
78470P622,PRIV
78470P630,ALLW
78470P648,HECO
78470P655,DECO
78470P663,TEKX
78470P671,MYMJ
78470P697,MYMH
78470P705,MBND
78470P721,MYMF
78470P739,MYCN
78470P747,MYCM
78470P754,MYCL
78470P762,MYCK
78470P770,MYCJ
78470P788,MYCI
78470P796,MYCH
78470P804,OBND
78470P812,MYCG
78470P820,MYCF
78470P838,SPIN
78470P846,HYBL
78471E105,SKYX
78472M106,SRAX
78472W104,SQZB
784730103,SSRM
78473E103,SPXC
78475V103,MWH
784933103,SGRP
785135302,SANW
78518H202,BRW
785688102,SBR
78573L106,SBRA
78573M104,SABR
78574H104,SOC
78577G301,NWTG
78590A109,SACH
78637J402,RENX
78642D101,SPAI
78643B500,ALAR
78646V107,SAFE
78648T100,SAFT
786584102,SAFRY
786598300,SGA
786700104,SGMT
78709Y105,SAIA
78781J109,SAIL
790148100,JOE
794093104,SALM
79466L302,CRM
79546E104,SBH
79588J102,SAXPY
79589L106,IOT
796050888,SSNHZ
79780P104,SGRCF
798241105,SJT
799566104,SANA
79957L100,SMTI
799792114,SBIIW
80004C200,SNDK
80007P869,SD
80007R105,SCHYY
80013R206,SSL
800212201,SDVKY
800422107,JBSS
800677106,SGMOQ
80100R408,SANG
801056102,SANM
80105N105,SNY
80280U205,SCZM
80303D305,SNWV
803054204,SAP
80349A208,SAR
80359A114,PDYNW
80359A205,PDYN
803607100,SRPT
803866300,SSL
80401C100,SATL
80401C118,SATLW
80401L803,MSLE
804395101,BFS
805111101,SVRA
80516T113,SVREW
80517M109,SVV
805700101,ELVR
806037107,SCSC
80603V203,STAI
806407102,HSIC
806857108,SLB
806870200,SMIT
80687P106,SBGSY
80689H102,SNDR
807066105,SCHL
80706P103,SRRK
80810D103,SDGR
808509830,SWISX
808509855,SWPPX
808513105,SCHW
808524102,SCHB
808524201,SCHX
808524300,SCHG
808524409,SCHV
808524508,SCHM
808524581,SGVT
808524599,SCCR
808524607,SCHA
808524615,SMBS
808524623,SCUS
808524631,SCYB
808524649,SCMB
808524656,STCE
808524672,SCHY
808524680,SCHQ
808524698,SCHI
808524706,SCHE
808524714,SCHJ
808524722,SCHK
808524730,FNDE
808524748,FNDC
808524755,FNDF
808524763,FNDA
808524771,FNDX
808524789,FNDB
808524797,SCHD
808524805,SCHF
808524839,SCHZ
808524847,SCHH
808524854,SCHR
808524862,SCHO
808524870,SCHP
808524888,SCHC
808541106,MATV
808625107,SAIC
80874P109,LNWO
80880W114,SCLXW
80880W205,SCLX
80880X104,SCNX
809171101,SCPS
810186106,SMG
81063V204,ODYS
811054402,SSP
811292309,SCYX
81141R100,SE
811543107,SEB
811699404,SEAC
811707801,SBCF
811927102,SA
81211K100,SDA
812215200,SEG
81221K108,SPTX
81234D109,SRSCQ
81256L112,ICUCW
81256L302,ICU
81282V100,PRKS
813113206,SOMLY
81367P200,SECOY
81369Y100,XLB
81369Y209,XLV
81369Y308,XLP
81369Y407,XLY
81369Y506,XLE
81369Y605,XLF
81369Y704,XLI
81369Y753,XLUI
81369Y779,XLSI
81369Y787,XLKI
81369Y795,XLII
81369Y803,XLK
81369Y811,XLFI
81369Y829,XLEI
81369Y845,XLBI
81369Y852,XLC
81369Y860,XLRE
81369Y886,XLU
814785309,SNFCA
81578P106,SEER
81580H449,USSE
81589A106,SEIQ
81589A205,SEIM
81589A304,SEIV
81589A403,SELV
81589A502,SEIS
81589A601,SEEM
81589A700,SEIE
81603X108,SEKEY
816078307,SKHSY
81617J301,WTTR
816212302,RNAC
816300107,SIGI
816307300,SLQT
81642T209,SLS
81663L200,WGS
816645204,LEDS
816850101,SMTC
816851109,SRE
81689T104,ASAIY
816944102,SNTI
817070105,SENEB
817070501,SENEA
81720R604,SNES
817225303,AIHS
81725T100,SXT
81727U303,SENS
81728A207,FTH
81728J109,SRTS
81728N100,SNT
81730H109,S
817323405,SQNS
81734D104,SEPN
81749D107,SERA
81750R201,MCRB
81751A108,SER
81752R100,SRG
81752T411,HEDG
81752T429,ELM
81752T437,BNDS
81752T445,SCAP
81752T486,CLOX
81752T528,CLOZ
81752T536,ADPV
81752T619,ICAP
817565104,SCI
81758H106,SERV
81761L201,SVC
81762P102,NOW
81764X103,TTAN
81768T108,SFBS
81784E101,SEVN
81807M304,YQ
818150302,SVJTY
818542102,SYEV
819047101,SHAK
81947T110,SHPSQ
81947T201,SHPWQ
820014405,SBET
82003F119,SKYAW
82003F309,SKYA
82024L103,STTK
82312B106,SHEN
824348106,SHW
824430110,SHFSW
824430300,SHFS
82452J109,FOUR
82455C101,SMNNY
82455M109,SHIM
824596100,SHG
824889109,SHOE
82489W107,SHLS
82509L107,SHOP
825107105,SHBI
82536T107,SSTI
82537J108,SI
825690100,SSTK
825693500,SHPH
825704109,SIBN
82575P107,SBSW
826165201,SIDU
826176109,SIEB
826197501,SIEGY
82620P102,BSRR
82622H108,SNNAQ
826546103,SIF
82655M206,SIFY
82657M105,SGHT
826598609,NTRP
826599102,SGML
82669G104,SBNY
82670R305,SGN
82674R103,SXYAY
82686Q101,SLN
826917106,SIGA
826919102,SLAB
827048109,SLGN
82706C108,SIMO
82711P300,SILO
82728C102,SVCO
827427105,SBMT
828174102,LIEN
828234203,SVSE
828359109,SAMG
82835P103,SVM
82835W108,SPRY
82837P408,SICP
82846H405,QXO
828730200,SFNC
828806109,SPG
82880R111,SPGSW
82889N103,SPYC
82889N202,SPD
82889N269,SBIL
82889N277,KNRG
82889N301,SPUC
82889N335,SBAR
82889N368,FOXY
82889N376,RFIX
82889N442,NMB
82889N475,NXTI
82889N491,IOPP
82889N525,MTBA
82889N533,QIS
82889N558,CRDT
82889N566,HARD
82889N624,SURI
82889N632,HIGH
82889N640,BUCK
82889N657,TUA
82889N673,MAXI
82889N699,CTA
82889N723,AGGH
82889N764,HEQT
82889N772,PINK
82889N798,TYA
82889N830,CDX
82889N848,SPBC
82889N855,PFIX
82889N863,SVOL
82889N889,TESL
82900L102,SMPL
829073105,SSD
829214105,SLP
829242106,SBGI
82930C106,SINGY
829322502,RIME
82937X103,SBHMY
829392703,SINT
829401108,SION
82968B103,SIRI
82981J851,SITC
82982L103,SITE
82982T106,SITM
82988R203,STTO
829933100,SIRI
83001C108,FUN
83006G112,SXTPW
83006G500,SXTP
83012A109,TSLX
83013Q871,CHAI
83056P715,SKE
83066P309,SKIL
83067L208,FIRY
830830105,SKY
83085C107,SKYH
83085C115,SKYH-WS
83086J200,SKYE
83086L205,SLHGF
830879102,SKYW
83087C303,SKYQ
83088M102,SWKS
830940102,SKWD
83125X103,SNBRQ
831349105,SLDE
831445606,YYAI
83171N108,SSCFF
83172R207,SMA
831754106,SWBI
83175M205,SNN
831865209,AOS
83186E101,SCNA
83190L208,SMBK
83191H107,SND
83192D105,STSFF
83192D402,SMA
83192H106,SDCCQ
83193D203,SMTK
83193E102,EM
83193G107,SMRT
83207R107,SDHC
832154504,SMSI
832156103,SMID
832248207,SFD
832696405,SJM
833034101,SNA
83304A106,SNAP
83307B101,SNDL
833445109,SNOW
83356Q108,SY
833592405,SOBR
833635105,SQM
83364L109,SCGLY
83368E200,SCKT
83370P201,SOPAQ
83404D109,SFTBY
83406F102,SOFI
83410S108,SOHU
83411A205,STKE
83413U100,SLRC
83417M104,SEDG
83418M103,SEI
83418T108,CANPY
83419D201,SLSR
83419H103,SMXT
834212201,STI
834223604,SNGX
83422E204,SLDB
83422N105,SLDP
83422N113,SLDPW
83425V203,SBDS
8342EP107,XPL
83443Q103,SOLS
83444M101,SOLV
83542D110,SONWQ
83542D300,SONDQ
83545G102,SAH
83545R207,SOFO
83546A203,SKHHY
835483108,SOTK
83548F408,SONM
835495102,SON
83558L303,SNOA
835699307,SONY
83570H108,SONO
83587F202,SRNE
83600C103,SOHO
83601L102,SHC
83607A100,SFBC
836100107,SOUN
836100115,SOUNW
836144303,XSORX
83617A108,SPMC
836301200,SAGD
83671M105,SOBO
83946P107,SPFI
84252A106,BCAL
842587107,SO
84265V105,SCCO
842873101,SFST
843380106,SMBC
84445C100,SLND
84445C118,SLND-WS
84465L113,PORTW
84470P109,SBSI
84472E102,SSB
84473L105,SOUHY
844741108,LUV
84479V107,SWCC
844895102,SWX
84612A101,SPTE
84612A200,SPWO
84612H304,SOWG
84615Q103,SPCX
846425833,SBSAQ
84741T104,SPE
84753T109,SPEC
84753T117,SPECW
84757T105,MDAI
84757T113,MDAIW
84790A105,SPB
84833T103,SPRO
84841L506,ANY
848560306,SPIR
84856X205,BESS
84857L101,SR
84858T202,FFIU
84858T749,YFFI
84858T756,QIDX
84858T764,RILA
84858T772,EUAD
84858T780,GENM
84858T798,GENT
84858T855,KOOL
84863T106,SPOK
84863V101,FLYYQ
84920Y106,SPWH
85021Q108,SBIG
85021Q116,SBIGW
85205U107,SWSS
85205U115,SWSSW
85205U206,SWSSU
852066208,SII
85207H104,PHYS
85207K107,PSLV
85207Q104,SPPP
85208J109,FUND
85208M102,SFM
85208P303,URNM
85208P402,SETM
85208P501,COPJ
85208P600,NIKL
85208P709,LITP
85208P808,URNJ
85208P857,METL
85208P865,GBUG
85208P873,SLVR
85208P881,COPP
85208R101,CEF
85208T107,CXM
85209E208,SPRB
85209W109,SPT
85210B102,SGDM
85210B201,SGDJ
85210C100,SCOP
85220G109,SGP
852234103,XYZ
85227J106,SRBK
852312305,STAA
85236P101,SLNG
85237B101,TRON
852387604,STAFQ
85238K118,USDEW
85254J102,STAG
85256A109,STGW
853118206,SGBLY
853254100,SCBFY
853373108,STDE
853606101,SLI
853666105,SMP
854231107,SXI
85423L103,SARO
854502101,SWK
85472N109,STN
854936119,SDSTW
854936200,SDST
85512C105,SGU
85512G106,STHO
85521B742,AGOX
85521B759,RHTX
85521B775,RHRX
85521B783,AMAX
855244109,SBUX
85529M104,FJET
85571B105,STWD
855919106,STRZ
856552203,SBKFF
857477103,STT
85749T285,MMK
857561104,STAB
858119100,STLD
858568108,SCM
858586100,SCL
85859N300,STEM
85914M107,STEP
85916J409,STXS
85917K454,SCEP
85917K470,SCNM
859241101,STRL
86031P106,STEV
860372101,STC
860630102,SF
860897107,SFIX
861012102,STM
861025104,SYBT
86150R107,STOK
86164T107,EDF
861729101,SRRIX
86172A249,LDDR
86172B585,BCKT
86172B593,LIFT
86172B619,LFDR
86172B627,LIBD
86172B635,LIAU
86172B643,LIAM
86172B650,LIAE
86172B668,LFBE
86172B676,LFAW
86172B684,LFAO
86172B692,LFAI
86172R101,LENDX
861780104,BANX
86183P102,SRI
861896108,SNEX
86211A101,SOSO
86260J102,SWAG
86260J110,SWAGW
86272A305,SSKN
86272C103,STRA
862785201,QDWN
86280R506,HNDL
86280R761,ESIM
86280R787,ESUM
86280R803,SSUS
86280R811,ELCV
86280R829,SSXU
86280R860,SSFI
86280R878,GOLY
86280R886,ROMO
862945300,ASST
863111100,STRT
863167201,STRS
863182101,STRW
86333M108,LRN
863667101,SYK
86366E106,GPCR
863685202,SNAX
86384P109,STUB
86389T106,MSC
864159108,RGR
864482104,SPH
86508F102,SUJA
86562M209,SMFG
866082100,INN
86614G101,SMC
866264203,SSBI
86627T108,SMMT
86633R609,DVLT
866674104,SUI
866683105,SNCY
866796105,SLF
866966104,SUNB
867224107,SU
86722A103,SXC
86723E104,RMIX
86740P207,STG
86745T105,SOTGY
86765K109,SUN
86765Q106,SUNC
86768Q103,SNRS
8676EP108,STKL
86771W105,RUN
867781502,SBFMW
867866105,SSMR
867892101,SHO
867981102,SUNS
86800U302,SMCI
86803S106,HDL
86803X204,SUNWQ
86804F509,SLE
868168105,SPD
868358102,SGC
868459108,SUPN
86881A100,SGRY
86882L204,SURG
868848102,SGLN
86887P119,BNCWW
86887P127,BNCWZ
86887P309,BNC
86887Q109,NSLR
86889P117,SRZNW
86889P208,SRZN
868927203,SRFM
869367201,STRO
86959K105,SUZ
86989Y109,SWMR
870123106,SWGAY
87043Q108,SG
870875101,SWZ
870886108,SSREY
871013108,SCMWY
871332102,SLVM
87151X101,SYM
87155N109,SYIEY
871565107,ACNT
87157D109,SYNA
871607107,SNPS
87162W100,SNX
87164F105,SNDX
87164U508,TOVX
871655106,SYPR
87165B103,SYF
87165D208,SNYR
87166L209,SYBX
87167T300,TAOX
87168W203,SYRA
87169M105,OPTX
87169M113,OPTXW
871829107,SYY
87184P109,SSMXY
87184Q206,SYRS
87191E105,FIXT
87200P117,SSTPW
87200P208,SST
872280102,CGBD
872340104,TSI
87236Y108,AMT
872381108,TELA
87240R107,TFSL
87241L109,TFII
872434105,THKLY
87245M467,TIHPX
872540109,TJX
87256C101,TKO
872590104,TMUS
87261Y106,TMC
87261Y114,TMCWW
872657101,TPG
87266M107,TRTX
87283P109,TRX
87283Q107,TCHP
87283Q206,TEQI
87283Q305,TGRW
87283Q404,TDVG
87283Q503,TSPA
87283Q602,TAGG
87283Q669,TNXT
87283Q685,TEMR
87283Q701,TBUX
87283Q719,TACN
87283Q727,TGLB
87283Q735,TIER
87283Q743,TURF
87283Q750,TMED
87283Q768,TFNS
87283Q784,TCAL
87283Q792,TTEQ
87283Q800,TOTR
87283Q818,TAXE
87283Q826,TMSL
87283Q834,TOUS
87283Q842,TGRT
87283Q859,TVAL
87283Q867,TCAF
87283Q883,TFLR
87288V101,TSSI
873048508,IDAI
87305R109,TTMI
87313P103,TXO
87318A101,TWFG
87338C202,OBAI
87357P100,TCMD
873787402,TAHEF
874028103,TAIT
874036106,TWN
874039100,TSM
874054109,TTWO
874060205,TAK
874080104,TAL
87422Q109,TLN
87424L207,TLIS
87427V103,TALK
87484T108,TALO
87507T101,TBN
875372203,TNDM
87538X105,TLF
875465106,SKT
87583X109,TNGX
876030107,TPR
876108408,VSA
87612E106,TGT
87612G101,TRGP
87615L107,TH
87649R104,TTSRF
87650L103,TARS
87652V109,TASK
87663X102,TTCFQ
877163105,TAYD
877619106,TSHA
87807B107,TRP
87807D111,TCBWF
878155308,TISI
87821B109,TMS
87821B117,TMSWW
878409101,TCCO
87854Y109,THNPY
878739200,TPCS
878742204,TECK
87874R100,EFT
87874R308,TTGT
87876P201,TGEN
87877F103,TGLS
878972108,TECX
87901J105,TGNA
879080109,TRC
879105104,THQ
87911J103,HQH
87911K100,HQL
87911L108,THW
879165207,TIKK
87918A105,TDOC
879273209,TEO
87927Y102,TIIAY
879360105,TDY
879369106,TFX
87936R205,VIV
879382208,TELFY
879433829,TDS
87946F100,TLPFY
879512309,TSAT
87961M105,TLX
87969B101,TLS
87971M103,TU
87974R208,TMSNY
87975E107,TOLL
87975E602,WELD
87975E701,CANC
87975E776,NASA
87975E784,ARMY
87975E826,DSPY
87975E834,VOLT
87975E883,HRTS
87975F104,TELO
87978U207,TPST
87990A106,TNYA
88018T101,TDF
880191101,EMF
880192109,TEI
880198205,SABA
880199104,TEPLX
88023B103,TEM
88023U101,SGI
880245204,XHLD
88024M108,TMPOQ
88024M116,TMPWQ
88025T102,TENB
88025U109,TXG
88031M109,TS
88032L605,TENX
88032Q109,TCEHY
88033G407,THC
880345103,TNC
88034P109,TME
88066N113,TNONW
88066N303,TNON
88076W103,TDC
880770102,TER
880779103,TEX
88080T104,WULF
880890108,TX
881454102,IMSR
881454110,IMSRW
88146M101,TRNO
88156J105,TRUMY
881575401,TSCDY
88160R101,TSLA
881624209,TEVA
88162F105,TTI
88162G103,TTEK
88165K119,TVGNW
88165K200,TVGN
88165U109,TLOG
88166A102,CORN
88166A409,CANE
88166A607,SOYB
88166A706,TAGS
88166A870,WEAT
88224A102,TXS
88224A300,OILT
88224A508,MMKT
88224Q107,TCBI
88231Q108,TCBS
882508104,TXN
88262P102,TPL
882681109,TXRH
882927122,UNHG
882927163,FUTG
882927247,COTG
882927296,DRGN
882927304,SPAM
882927338,CRMG
882927387,ADBG
882927395,PLTG
882927429,PANG
882927437,AVGG
882927452,PYPG
882927460,HOOG
882927478,XYZG
882927494,RTXG
882927502,WISE
882927577,ARMG
882927585,TSMG
882927601,GSIB
882927627,AMDG
882927635,COIG
882927643,BOEG
882927668,ASMG
882927676,NVDG
882927684,TSLG
882927700,AUMI
882927759,URAN
882927767,NATO
882927783,COPA
882927817,AGMI
882927833,BOTT
882927866,SMCF
882927882,LGCF
883203101,TXT
88322Q108,TGTX
88331L108,SKIN
88337K401,NCTY
88338K103,STKS
88338N206,TXMD
88339J105,TTD
88339P101,REAL
88339Y102,EAGL
88340B109,VGFCQ
88340C131,BAIG
88340C149,DUOG
88340C156,CRWG
88340C362,COHH
88340C396,AMAU
88340C412,AAOG
88340C446,CIEG
88340C677,NBIG
88340C693,TERG
88340C727,LULG
88340C826,NETG
88340C842,MPG
88340F100,IREG
88340F209,BEG
88340F308,GEVG
88340F407,ECHX
88340F746,GRAG
88340W483,CBRG
88340W509,USGG
88340W525,SPCH
88340W681,GLWG
88340W707,UUUG
88340W715,UECG
88340W798,ONDG
88340W822,FCXG
883556102,TMO
88362L209,THMO
88422P109,TCBX
88429K103,KRKR
88429K202,KRKR
884903881,TRI
885155101,THLV
885155200,THIR
885160101,THO
885213108,TBLD
885215558,TIBAX
885215566,TGVIX
885216218,TFGZ
885216226,TAOZ
88521L207,TMB
88521L306,TXUE
88554D205,DDD
88556E102,TDUP
88557W101,QFIN
88561M107,BTCQF
88579N105,TGOPY
88579Y101,MMM
88583P203,SCWO
88588G109,TSME
88588G208,TCPB
88588G307,TUSB
88588G406,TSCV
886029206,THRY
88634T105,CCSO
88634T311,FITZ
88634T352,DRNL
88634T394,CGRO
88634T410,XOMO
88634T428,MSFO
88634T436,JPO
88634T519,FCUS
88634T535,FIAX
88634T774,NVDY
88634T782,NFLY
88634T790,GOOY
88634T816,FBY
88634T832,BRKC
88634T840,AMZY
88634T857,APLY
88634T881,GDXY
88634V100,DEFI
88634W207,DIVE
88634W504,AINT
88635A105,PBEU
88635A204,PBPH
88635A303,PBOG
886364157,DADS
886364173,SFY
886364181,GOP
886364199,NANC
886364231,GRNY
886364264,SHRT
886364272,NRSH
886364280,THTA
886364322,HFMF
886364363,HFGM
886364389,VETZ
886364397,REAI
886364405,SFYF
886364439,HFND
886364470,AZTD
886364520,GVLU
886364587,HAUS
886364595,UPAR
886364603,RPAR
886364637,RISR
886364645,BOAT
886364652,JOJO
886364660,ZHDG
886364702,SPSK
886364710,ACSI
886364769,SPRE
886364793,DIVY
886364801,SPUS
886364819,FXED
886364835,GSPY
886364850,LBAY
886364876,JSTC
886365105,SGRT
886365303,AGIQ
88636J139,IWMY
88636J147,WDTE
88636J154,QQQY
88636J162,GIAX
88636J204,RSSB
88636J238,AVGX
88636J261,LLYX
88636J295,COPZ
88636J329,TIME
88636J337,MFUT
88636J345,RSSY
88636J352,RSBY
88636J378,USOY
88636J394,GOLI
88636J410,WEEL
88636J451,YQQQ
88636J501,HF
88636J535,CCSB
88636J543,EHLS
88636J568,SPYT
88636J600,CHAT
88636J642,YMAG
88636J659,YMAX
88636J675,SMCO
88636J774,SNOY
88636J816,RSST
88636J857,DARP
88636J873,TFPN
88636N205,VCOB
88636N304,VMSB
88636R107,BABO
88636R172,JPX
88636R206,CVNY
88636R222,RKLX
88636R305,DRAY
88636R347,WNTR
88636R404,HOOY
88636R479,AIPO
88636R537,AMA
88636R545,SOFX
88636R552,RDTY
88636R560,SDTY
88636R586,RSBA
88636R602,MARO
88636R677,SLTY
88636R693,CHPY
88636R727,LFGY
88636R735,GPTY
88636R743,XMAG
88636R750,BIGY
88636R776,RNTY
88636R800,PLTY
88636R818,SOXY
88636R834,BTGD
88636R859,TSMY
88636R867,SMCY
88636R883,RBLY
88636V421,RDYY
88636V454,HIYY
88636V462,GMEY
88636V579,NVIT
88636V652,RGTZ
88636V678,OKLL
88636V702,RSSX
88636V728,BLOX
88636V744,HBDC
88636V751,MSST
88636V769,SMST
88636V819,ANEL
88636V884,QLDY
88636W122,OSCX
88636W130,QPUX
88636W155,OKLS
88636W163,STSM
88636W171,RKLZ
88636W189,MST
88636W197,ORCX
88636W221,MSTX
88636W239,SMCX
88636W247,IONZ
88636W254,PLTZ
88636W262,SMCZ
88636W288,NVOX
88636W353,ISBG
88636W379,ISSB
88636W528,HOOZ
88636W551,BMNZ
88636W619,DAMD
88636W684,ZETX
88636W718,RCAX
88636W767,LMNX
88636W833,DDDD
88636W866,CRCO
88636X104,YBIT
88636X203,MRNY
88636X229,STXL
88636X252,MINY
88636X260,WEPN
88636X278,NUKX
88636X302,FIAT
88636X484,TFFI
88636X500,DIPS
88636X559,LNOK
88636X609,CRSH
88636X625,PLU
88636X658,ONDL
88636X708,ULTY
88636X724,AMDY
88636X732,MSTY
88636X740,PYPY
88636X807,OARK
88636X856,CONY
88636X864,AIYY
88636X872,XYZY
88636X880,TSLY
88636Y102,RGTX
88636Y201,SOUX
88636Y409,HOOX
88636Y508,IONX
88636Y607,HIMZ
88636Y698,WYFL
88636Y706,KEEX
88636Y748,ASTY
88636Y755,SPCQ
88636Y763,AMPU
88636Y771,AMKL
88636Y789,XOVL
88636Y797,SPCL
88636Y854,RIOX
88636Y888,IRE
88642R109,TDW
88675P103,TYGO
886885102,TLYS
88688T209,TLRY
88706T108,TIMB
887098101,TSBK
887389104,TKR
887399103,MTUS
887432235,TPFI
887432250,TPFC
887432326,TPHD
887432334,TPIF
887432342,TPSC
887432359,TPLC
88822Q103,TIPT
88823T106,TXMC
88830M102,TWI
88830R101,TITN
88831L202,TII
888705308,VBIO
888787108,TOST
889109104,TKECY
889110102,TOELY
889478103,TOL
890110109,TMP
890260839,TNXP
890516107,TR
89054V109,DKTS
89078D101,TOPP
890878309,TORM
890880206,TRYIY
890930100,TPZ
890930209,TNGY
890930308,TPYP
890930407,TBLU
890930803,TCAI
890930886,TMLP
891092108,TTC
891160509,TD
89142B107,CURV
89147L886,TYG
89148B200,NTG
89148K200,XNDPX
89157W103,DVND
89157W202,SIO
89157W301,TUSI
89157W608,TDI
89157W707,TSEC
89157W806,TSEL
89157W871,TLCI
89157W889,TEMX
89214P109,TOWN
892231101,TSQ
892331307,TM
892356106,TSCO
892672106,TW
89269P202,COOK
89278D125,TBMCR
892918103,TACT
89346D107,TAC
893529107,TRNS
89355J581,TIMUX
89355M105,TCEC
89357L501,RNAZ
893617209,TCI
893641100,TDG
89377M109,TMDX
893870204,TGS
89400J107,TRU
894164102,TNL
89417E109,TRV
89421Q205,TZOO
89422G107,TVTX
89455T109,TMCI
89458T403,TGL
894650100,TG
89472Y107,TGB
89531P105,TREX
89532M101,TRVI
895436103,TY
895970119,ILLRW
895970309,ILLR
896095106,TCBK
896215209,TRS
89621C105,TMQ
89622C203,TMXN
896239100,TRMB
896288107,TNET
89628W302,ABFL
89628W401,ABLG
89628W500,ABOT
89628W609,ABXB
89628W708,ABLD
896442308,TRIN
896522109,TRN
89656D101,TPHS
89669L207,TPET
896712205,TRT
89677Q107,TCOM
89677Y100,TPVG
89679E300,TFIN
89679M104,TFPM
89680M101,TLSI
89680M119,TLSIW
89686D303,TRVG
896945201,TRIP
89785X101,TBI
898202106,TRUP
89832Q109,TFC
898349204,TRST
89834G562,JGRW
89834G570,STBF
89834G729,APUE
89834G737,APIE
89834G745,APMU
89834G752,APCB
89834G760,CLSE
89834G836,MINN
898402102,TRMK
89844T109,TSSD
89844T208,TSNF
89844T885,YALL
89853L302,TTOO
89854H102,TTEC
89854M101,TCRX
898697206,TCX
898920103,HURA
89904V200,TUEMQ
89977P106,TOUR
89977P205,TOUR
899924104,TURB
900111204,TKC
900148701,TKGBY
90021W105,TTRX
90041L105,TPB
900450206,TBCH
90089L108,TSPH
900934100,BSMC
900934209,BINV
900934308,BUSA
900934407,USAF
900934506,GEME
900934795,NFRX
900934845,TALV
900934852,TABD
901109108,TPC
90114C107,TUYA
901165100,TBGVX
90137F707,XXII
90137M108,TSOL
90137T103,TOXR
90137V108,THYP
90138A103,VNET
90138F102,TWLO
90138K101,AIDX
90138L109,XXI
90139K100,QLTY
90139K209,BCHI
90139K308,QLTI
90139K407,GMOI
90139K506,INVG
90139K605,GMOV
90139K860,DRES
90139K878,GMOD
90139K886,GMOC
901401307,TBTEF
901476101,TWIN
901643106,TWNPQ
90184D100,TWST
90187B804,TWO
90214Q105,WLDR
90214Q576,WCEO
90214Q584,CGV
90214Q675,DYLD
90214Q691,LSAT
90214Q774,LSAF
902252105,TYL
90240B106,TYRA
902494103,TSN
902653104,UDR
902673102,UFPT
902681105,UGI
90269A484,HDLB
90274D374,AMUB
90274D382,MLPB
90274D390,UCIB
90274D416,BDCZ
90274E166,SMHB
90274E174,PFFL
902788108,UMBF
90278Q108,UFPI
90278V404,IWML
90290N109,USAC
90290T809,SDCI
90290T866,USG
90290T874,USE
90290T882,UMI
90291C201,USAU
90291W108,USGO
902952100,GROW
902973304,USB
903002103,UMH
903288348,UUSTX
90328M107,USNA
903318103,USDP
90337L108,USPH
903448116,DUKRW
903448207,DUKR
903470102,UBQU
90348V301,UURAF
90353T100,UBER
90353W103,UI
90354D104,UCL
90355N101,USCB
90364P105,PATH
903731107,ULS
90384S303,ULTA
90385V107,UCTT
90386K571,WEEI
90386K589,MDST
90386K639,QVOY
903899102,ULBI
90400D108,RARE
90400P101,UGP
90420M104,UMICY
904311107,UAA
904311206,UA
90466Y202,UNCY
904677200,UFI
904678406,UNCRY
904708104,UNF
90470L295,OASC
90470L444,OAIM
90470L469,OAEM
90470L519,OACP
90470L527,OALC
90470L550,MGMT
90470L568,ABEQ
904767803,UL
905400107,UNB
907818108,UNP
90915J103,UFABQ
909214306,UIS
909218406,UNTC
909458101,UBOH
90984P303,UCB
909907107,UBSI
909911109,UBCP
910047109,UAL
910340108,UFCS
910571108,UG
91060H108,UHG
910710102,ACIC
910873405,UMC
911163103,UNFI
911312106,UPS
911363109,URI
911460103,UBFO
911549103,UAMY
91167Q100,BNO
911684108,AD
911717106,USCI
911718104,CPER
911805307,BSIN
911922102,USLM
912008109,USFD
91201T102,UGA
912318409,UNG
91232N207,USO
91288V103,USL
91288X109,UNL
912932100,UNIT
91307C102,UTHR
91324P102,UNH
913259107,UTL
913290102,UNTY
91332U101,U
913356101,UVCL
913456109,UVV
91347P105,OLED
913483103,UEIC
91359E105,UHT
91359V107,UVE
913821302,UUU
91388P105,ULH
913903100,UHS
913915104,UTI
915271100,UVSP
91529Y106,UNM
91531W106,TIGR
91532B200,UPHL
91532F102,UMAC
91544A208,UPLD
91678A107,UPB
91680M107,UPST
91688F104,UPWK
91688R108,URG
916896103,UEC
917047102,URBN
91704F104,UE
91704K301,FLZH
91705J303,UONE
91705J402,UONEK
91729J107,USGA
917302200,USNZY
917313108,USIO
91733P107,USAR
917488108,UTMD
918090101,UTZ
91818X306,UXIN
918204108,VFC
91822M502,VEON
91823B109,UWMC
91823Y109,VIAOY
91825V400,VQSSF
918284100,VSEC
91829B103,VOC
918385204,VTVT
91851C201,EGY
918640301,VCNX
91864C107,BRNS
91879Q109,MTN
918905209,VHI
91912E105,VALE
91913Y100,VLO
91916J100,BRRR
91917A207,WGMI
91917A702,BTF
919794107,VLY
920253101,VMI
92025Y103,VALN
920437100,VALU
92046L338,MBSF
92046L353,EQTY
92047W101,VVV
921078101,OUNZ
92107P764,INDZ
92107P772,EMBX
92107P780,NODE
921659108,VNDA
92189F106,GDX
92189F114,ESPO
92189F122,MOTG
92189F130,RAAX
92189F148,LFEQ
92189F171,GRNB
92189F205,SLX
92189F304,EVX
92189F353,HYEM
92189F379,CBON
92189F387,SHYD
92189F411,BIZD
92189F429,PFXF
92189F437,ANGL
92189F445,IHY
92189F452,MORT
92189F460,XMPT
92189F486,FLTR
92189F502,SMOG
92189F528,SMB
92189F536,MLN
92189F585,CRAK
92189F593,MOTI
92189F601,NLR
92189F627,CNXT
92189F635,ISRA
92189F643,MOAT
92189F676,SMH
92189F684,RTH
92189F692,PPH
92189F700,MOO
92189F726,BBH
92189F742,REMX
92189F767,GLIN
92189F791,GDXJ
92189F817,VNM
92189F825,BRF
92189F833,IDX
92189F841,HAP
92189F866,AFK
92189F882,GENZ
92189H102,DURA
92189H201,ITM
92189H300,EMLC
92189H409,HYD
92189H581,TRUC
92189H599,VEFA
92189H607,OIH
92189H623,TRUD
92189H631,TRUT
92189H649,GPZ
92189H656,CLOB
92189H664,SMHX
92189H672,MVAL
92189H714,DESK
92189H730,SMOT
92189H748,CLOI
92189H771,PIT
92189H789,DGIN
92189H805,REMX
92189H821,DAPP
92189H839,BUZZ
92189H854,MBBB
92189H862,MIG
92189H870,EINC
92189K105,HODL
92189L103,ETHV
92189Y204,EMET
92189Y402,IBOT
92189Y709,TRUH
92189Y865,RACK
92189Y873,WARP
921908604,VDIGX
921908828,VDADX
921908844,VIG
921908877,VGSLX
921908885,VGHAX
921909305,VSCGX
921909768,VXUS
921909818,VTIAX
921910683,VEXC
921910691,VCEB
921910709,EDV
921910725,VSGX
921910733,ESGV
921910816,MGK
921910840,MGV
921910873,MGC
921913208,VGIAX
921913869,BNDP
921921300,VEIRX
921932505,VOOG
921932703,VOOV
921932778,VIOV
921932794,VIOG
921932828,VIOO
921932844,IVOV
921932869,IVOG
921932885,IVOO
921935102,VWELX
921935201,VWENX
921935409,VFMV
921935508,VFMO
921935607,VFMF
921935706,VFQY
921935805,VFVA
921935870,VTES
921936209,VPMAX
921937793,BLV
921937819,BIV
921937827,BSV
921937835,BND
921938403,VDIG
921938502,VUSG
921938601,VUSV
921938700,VBCA
921938809,VBCB
921938817,VBCJ
921938825,VBCI
921938833,VBCH
921938841,VBCG
921938858,VBCF
921938866,VBCE
921938874,VBCD
921938882,VBCC
921943858,VEA
921946109,VASVX
921946406,VYM
921946794,VYMI
921946810,VIGI
921946885,VWOB
92200B100,VSOL
922018403,VWNEX
922020680,VTG
922020698,VTP
922020714,VGVT
922020722,VGMS
922020730,VSDB
922020748,VCRB
922020755,VPLS
922020805,VTIP
922021605,VTEC
922031687,VGHY
922038104,VSEQX
92203C303,VUSB
92203J407,BNDX
922040845,VBIL
922040852,VGUS
922042676,VNQI
922042718,VSS
922042742,VT
922042775,VEU
922042858,VWO
922042866,VPL
922042874,VGK
92204A108,VCR
92204A207,VDC
92204A306,VDE
92204A405,VFH
92204A504,VHT
92204A603,VIS
92204A702,VGT
92204A801,VAW
92204A876,VPU
92204A884,VOX
92206C102,VGSH
92206C409,VCSH
92206C565,BNDW
92206C573,VTC
92206C599,VTHR
92206C623,VTWG
92206C649,VTWV
92206C664,VTWO
92206C680,VONG
92206C706,VGIT
92206C714,VONV
92206C730,VONE
92206C771,VMBS
92206C813,VCLT
92206C847,VGLT
92206C870,VCIT
922101100,VPOR
92214X106,VREX
922280102,VRNS
922417100,VECO
92242T101,VVX
92243A200,VXRT
92243G108,PCVX
92244V104,VAXX
922475108,VEEV
92259N112,VLDXW
92259N302,VELO
92262D101,VEL
92267L108,VHUB
92276F100,VTR
922907688,VTEL
922907696,VSDM
922907712,VCRM
922907738,VTEI
922907746,VTEB
922908306,VTSMX
922908363,VOO
922908512,VOE
922908538,VOT
922908553,VNQ
922908579,VLCAX
922908595,VBK
922908611,VBR
922908629,VO
922908637,VV
922908645,VIMAX
922908652,VXF
922908686,VSMAX
922908702,NAESX
922908710,VFIAX
922908728,VTSAX
922908736,VUG
922908744,VTV
922908751,VB
922908769,VTI
922967104,MANE
92333E104,VENU
92333F101,VG
92335C106,VRA
923372106,VGAS
923372114,VGASW
92337C203,VSTM
92337F107,VCYT
92337R101,VERA
92337U302,TONX
92338C103,VLTO
92343E102,VRSN
92343V104,VZ
92345Y106,VRSK
92346J108,VCEL
92346X115,VRMEW
92346X206,VRME
92347M100,VERI
923725105,VET
92511U102,VRRM
92511W207,VRCA
92512J106,VBNK
925283103,VSNT
92528V200,VMET
92532F100,VRTX
92535C104,CCIF
92536C202,VERU
92537N108,VRT
92538J106,VERX
92540K109,VTMX
92540Q106,VS
92540Q114,VSSYW
925458101,VWDRY
92552R406,PRSU
92552V100,VSAT
92554W106,VSPC
925550105,VIAV
92556V106,VTRS
92556W104,VIA
92557A101,DSP
92561V117,RBOTW
92561V208,RBOT
925652109,VICI
925654105,VEVMQ
925815102,VICR
926400102,VSXY
92645B103,VCTR
92647N527,UITB
92647N535,USTB
92647N543,UEVM
92647N550,UIVM
92647N568,USVM
92647N576,ULVM
92647N667,VSDA
92647N691,VSMV
92647N766,CFA
92647N782,CFO
92647N824,CDC
92647N865,CDL
92647N873,CSB
92647P126,MODL
92647X749,GRIN
92647X756,IFLO
92647X764,GFLW
92647X798,GLOW
92647X822,SFLO
92647X830,VFLO
92647X863,UBND
92649G108,VIDA
92663R105,VMD
92672L107,VRAYQ
92686J106,VKTX
92707Y108,VFF
927107409,VLGEA
92719W207,VNCE
92731L304,VINC
927320101,VCISY
927330209,BBIG
92762J103,VIOT
92763W103,VIPS
92764N102,VIR
927651109,VIRC
92766K403,SPCE
92790A207,VSHY
92790A405,SEIX
92790A504,JOET
92790A603,VABS
92790A744,SSMG
92790A751,DPRE
92790A785,VGRO
92790A793,VEM
92790A801,VEMY
92790A819,VDI
92790A827,VUS
92790A843,ASGM
92790A850,PCLO
92790A868,KMID
92790A876,ASMF
92790C104,VRDN
927926303,VGZ
927950105,VWAV
927950113,VWAVW
928031103,VABK
92823T207,VHC
928251305,VRPX
928254101,VIRT
92826C839,V
92826J107,VRED
92827K301,VTSI
92828Q109,VRTS
928298108,VSH
92829B101,VGI
92829J203,DWTX
92835K103,VPG
92835U101,VTIX
92835W107,ZTR
92836Y409,VISL
92837L109,VIST
92838F200,GVHGF
92838U801,NCZ
92838X805,NCV
92838Y100,AIO
92839U206,VC
92840H400,VTGN
92840M102,VST
92840N100,ACV
92840R101,NFJ
92841M101,XNIEX
92846Q107,COCO
92847W103,VITL
928519107,VVWT
92852W501,VIVE
92852X103,VTS
92854B109,VANI
92854T118,SEATW
92854T209,SEAT
92857W308,VOD
92859E207,VVOS
92859G608,VZLA
92864M202,ZVOL
92864M301,BITX
92864M780,XRPI
92864M798,ETHU
92864M822,SOLZ
92864V608,EMPD
92865J729,XRPT
92865J737,SOLT
92865J810,CRDX
928661206,VNRX
928662501,VWAPY
928881101,VNT
92891H101,SVIX
92891Q101,VHAI
92891Q119,VHAIW
928929207,VTKLY
92892B103,VOYG
929033207,VOR
929042109,VNO
929089100,VOYA
92912J102,IAE
92912P108,IHD
92912R104,IGA
92912T100,XIGDX
92912X101,IDE
92913L684,IICIX
92915B106,VYGR
929160109,VMC
92918V208,VRM
92918V307,VRM
92919F103,VOXR
92919V405,VYGVQ
92919Y102,VSEE
92919Y110,VSEEW
92921W300,VUZI
92922P106,WTI
929236107,WDFC
929328102,WSFS
92936U109,WPC
92937A102,WPP
92939U106,WEC
92940L103,WCFB
92942W107,KLG
92943X104,HIND
929566107,WNC
92971A109,MAPS
929740108,WAB
93042P109,PETXQ
930752209,ASAPQ
931142103,WMT
93114W107,WMMVY
93148P102,WD
93403J106,WRBY
934423104,WBD
934550203,WMG
93627C101,HCC
938824109,WAFD
939330106,AWSHX
939653101,ELME
940610108,WASH
940923105,WBI
94106B101,WCN
94106L109,WM
94132V105,WDH
941848103,WAT
94188P101,WSBF
942622101,WSO-B
942622200,WSO
942749102,WTS
94419L101,W
946760105,CLMB
946784105,WAY
947002101,WLTH
94724R108,WEAV
947890109,WBS
947913109,IVES
947913208,EXEQ
947913406,IVEP
94845U105,WBTN
948508106,BUDZ
94858P209,WEGZY
948596101,WB
948849104,WMK
949503205,MEDS
949746101,WFC
94975H684,SCTCX
94987B105,XEADX
94987C103,EOD
94987D101,ERC
94987E109,ERH
94987W737,WABIX
949902209,WLSI
95040Q104,WELL
950415117,WTMAR
950415208,WTMAU
95058W100,WEN
950755108,WERN
95075A107,HOWL
950810101,WSBC
95082P105,WCC
950915108,WRD
95123P106,WTBA
952845105,WFG
955306105,WST
957090103,WABC
95727P106,WBBW
95758L115,CYCUW
95758L305,CYCU
957638109,WAL
957664105,WEA
95766A101,XEMDX
95766B109,EHI
95766J102,HIX
95766K109,HIO
95766M105,MMU
95766N103,MHF
95766Q106,XWIAX
95766R104,WIW
95766T100,PAI
95768B107,HYI
95790A101,IGI
95790B109,DMO
95790C107,GDO
95790K109,WDI
95805V108,WRN
958102105,WDC
958435109,SBI
958669103,WES
958892101,WNEB
959802109,WU
960413102,WLK
960417103,WLKP
960908507,WPRT
96145W103,WEST
961684206,WWR
961765104,WHG
961881208,WETH
96208T104,WEX
962149100,WEYS
962166104,WY
962879102,WPM
96327X200,WFCF
96328L304,UP
963320106,WHR
96524T101,WHK
96524V106,WHF
967590209,WYY
96812F102,BAER
96812F110,BAERW
968223206,WLY
968223305,WLYB
969136100,WVVI
96924N100,WLDN
969457100,WMB
969904101,WSM
970646105,WLFC
971378104,WSC
971433107,WLMIY
97269D103,WSBK
973921208,WYHG
974155103,WING
974250102,WINA
974637100,WGO
97650W108,WTFC
97651M109,WIT
97655B109,WINV
97655B125,WINVR
97717P104,WT
97717W109,DTD
97717W125,WTMF
97717W133,CEW
97717W208,DHS
97717W281,DGS
97717W307,DLN
97717W315,DEM
97717W323,DGRE
97717W331,WTRE
97717W380,AGZD
97717W406,AIVL
97717W422,EPI
97717W430,HYZD
97717W471,USDU
97717W505,DON
97717W521,OPPJ
97717W547,WTV
97717W562,EES
97717W570,EZM
97717W588,EPS
97717W604,DES
97717W703,DWM
97717W760,DLS
97717W778,DIM
97717W786,AIVI
97717W794,DOL
97717W802,DTH
97717W836,DFJ
97717W844,DNL
97717W851,DXJ
97717W869,DFE
97717W877,DEW
97717X131,IQDG
97717X156,QSIG
97717X172,QHY
97717X198,QIG
97717X263,DDWM
97717X271,DDLS
97717X511,AGGY
97717X552,OPPE
97717X560,WTPI
97717X578,XSOE
97717X594,IHDG
97717X610,EUDG
97717X651,DGRS
97717X669,DGRW
97717X701,HEDJ
97717X719,CXSE
97717X784,EMCB
97717X867,ELD
97717Y212,WIMA
97717Y220,WAMA
97717Y238,WDIG
97717Y261,WTLS
97717Y287,GDT
97717Y295,WQTM
97717Y311,WDAF
97717Y329,WDGF
97717Y337,WDEF
97717Y352,WTIP
97717Y386,WTMU
97717Y394,USSH
97717Y410,USIN
97717Y428,INDH
97717Y436,QSML
97717Y444,QMID
97717Y451,WTBN
97717Y469,UNIY
97717Y477,QGRW
97717Y527,USFR
97717Y535,XC
97717Y543,WTAI
97717Y550,GDMN
97717Y568,GDE
97717Y618,WDNA
97717Y626,HYIN
97717Y634,NTSI
97717Y642,NTSE
97717Y659,WCBR
97717Y675,GTR
97717Y683,GCC
97717Y691,WCLD
97717Y725,MTGP
97717Y774,DWMF
97717Y782,EMMF
97717Y790,NTSX
97717Y808,SHAG
97717Y857,USMF
97720F101,BTCW
97727L408,WKEY
977852102,WOLF
97785W106,WOLF
977874205,WTKWY
978097103,WWW
980228308,WDS
980745103,WWD
981064108,WF
98138H101,WDAY
98138J503,WKHS
98139A105,WK
98139Q308,WKSP
981419104,WRLD
981475106,WKC
98148L746,BTCZ
98148L753,BTCL
98149E303,GLDM
981811102,WOR
982104101,WS
98212N107,WRAP
982549206,WRIT
98260N108,WXXWY
98262P200,WW
98311A105,WH
983134107,WYNN
98370X103,XCH
98372W202,XYF
983793100,XPO
98379L100,XPEL
9837FR209,SPRU
98386P102,XE
98389B100,XEL
98390R102,XNDU
98400H102,XBIT
98400M200,XELB
98400T304,XFLT
98400U103,SAFX
98400V119,XBPEW
98400V200,XBP
984015602,XBIO
984017103,XHR
98401F105,XNCR
98415E300,XCOMQ
98417P204,XINRY
98419E108,XNET
98419M100,XYL
98420N105,XENE
98420P308,XTNT
98420Q405,XRTX
98420U802,XWEL
98420X202,XFOR
98421M106,XRX
98421M114,XRXDW
98421U108,XIACY
98422D105,XPEV
98422E103,XERS
98422P108,AHG
98422T209,XLO
98422X101,XPOF
98423B116,XOSWW
98423B306,XOS
98423F109,XMTR
98423J101,XPER
98423K405,XTIA
984245100,YPF
98459U103,YALA
98475Y105,YRIV
984846105,YZCAY
984851204,YARIY
985087105,YASKY
985194208,YSG
985817105,YELP
98585C100,YSWY
98585L100,YRD
98585N106,YEXT
98585X104,YETI
985915206,YMT
987084100,YSS
987184108,YORW
98740Y302,VSTD
98741L200,TKLF
98741T104,DAO
98741Y103,YOTA
98741Y111,YOTAW
98741Y129,YOTAR
98741Y202,YOTAU
98743K101,YOUL
987910106,YB
988498101,YUM
98850P109,YUMC
98873N206,YJ
98873N305,YJ
98873Q209,YHGJ
98877R104,ZKH
98877X101,YAHOY
98878K108,ZSQR
98880R307,CNET
98887Q104,ZLAB
98888G105,ZECP
98888G204,SMIZ
98888G808,GROZ
98906V100,ZPTA
98906V118,ZPTAW
989207105,ZBRA
98923T104,ZDGE
98936T208,ZENA
98937L105,ZBIO
98942X102,ZTEK
98943L107,ZNTL
98944F109,ZEO
98944F117,ZEOWW
98945L204,ZEPP
98954M101,ZG
98954M200,Z
98955K104,ZVIA
98955N207,ZH
98956A105,ZETA
98956L101,ZSTK
98956P102,ZBH
989696109,ZNOG
989701107,ZION
98973P309,TCRT
98978V103,ZTS
98979V102,ZVOI
98980A105,ZTO
98980B103,ZIP
98980F104,GTM
98980G102,ZS
98980L101,ZM
98980M109,ZOMDF
989817101,ZUMZ
989825104,ZURVY
98983L108,ZWS
98985Y108,ZYME
98986M103,ZYXIQ
98987D300,ZVSA
A0997C107,BWAGF
A7111G104,RAIFF
A9101Y103,VLPNF
B38564108,CMBT
B5950S113,MDXH
B6S7WD106,NYXH
B9151N105,TTAM
C00948106,AVX
C00948122,AVX
C96657116,VMAR
D0712D163,BAYZF
D1646D105,EVOTF
D1668R123,MBGAF
D18190898,DB
D19102132,DROHF
D22359133,WRCDF
D22938100,DGWPF
D2R90Y117,EVKIF
D3207M102,HELKF
D3207M110,HENOF
D3510Y108,INDHF
D3689Q134,FRTAF
D3R14P109,HNSDF
D3R2MA100,HLFFF
D5345W108,MSHHF
D56249101,NYNOF
D5736K135,NRDXF
D66992104,SAPGF
D6949M108,SGLFF
D69671218,SMAWF
D6989S106,SXTAF
D6T47E106,SMEGF
D8169G100,SOTDF
D82781101,SUEZF
D86145105,VBVBF
D8T6E3103,SRBZF
E6165F166,IBDSF
E6282J125,IDEXF
F0392W125,ARKAF
F21107101,CSTM
F24571451,DASTF
F2457H472,DSY
F4035A557,SAFRF
F4090S113,FRIIF
F4606F100,EXALF
F58149133,LRLCF
F61824144,MLN
F61824870,MGDDF
F7329W102,PRWYF
F9156M108,THLEF
F92124100,TTE
G00350101,LOBO
G00582109,AACO
G00582117,AACOW
G00582125,AACOU
G0069D110,ACCL
G00748114,GWHWW
G0081J103,AEAQ
G0081J111,AEAQW
G0081J129,AEAQU
G0084W101,ADNT
G0085J109,ADSEW
G0085J117,ADSE
G00894108,ARX
G01125106,AFYA
G0113G101,ACGC
G0113G119,ACGCW
G0113G127,ACGCU
G0118C105,AGBK
G01212102,ILLR
G01212110,ILLRW
G0131Y100,ANSC
G0131Y118,ANSCW
G0131Y126,ANSCU
G0132V105,AGMH
G0132V121,AGMH
G01336109,AIIA
G01336117,AIIA-R
G01336125,AIIA-U
G01341109,AFJK
G01341117,AFJKU
G01341133,AFJKR
G0136H102,AERT
G0136H110,AERTW
G0136H128,AERT
G0136M101,AGRZ
G0137L102,YDKG
G0137L110,YDKG
G01558108,ALDF
G01558116,ALDFU
G01558124,ALDFW
G01767105,ALKS
G0176J109,ALLE
G0180Y100,AIIR
G01900102,ALOV
G01900110,ALOVW
G01900201,ALOVU
G0206E104,AGCC
G0223V105,ATMC
G0223V113,ATMCU
G0230C108,ALSAF
G0230C116,ALSWF
G0230C124,ALSUF
G0230C132,ALSTF
G0231P108,ALPS
G0232F109,ALCYF
G0232F117,ALCUF
G0232F133,ALCWF
G0232G107,ATGL
G0232G115,ATGL
G0233J100,ALUB
G0233J118,ALUB-WS
G0233J126,ALUB-U
G0250X107,AMCR
G0250X149,AMCR
G02532102,AMBIQ
G02532110,AMBWQ
G02602103,DOX
G0260P102,AS
G0262A103,AHMA
G0273J101,AEXA
G0283A108,AMCI
G0283A116,ATMVR
G0344N107,APMC
G0344N123,APMCU
G0344N131,APMCR
G0360L134,CYTOF
G0367B105,NNNN
G0369L101,ANGH
G0369L119,ANGHW
G03707109,OWL
G0370U116,ATAQF
G0375M101,AMAN
G03780106,AEP
G0378L100,AU
G037AX101,AMBA
G0395R106,ANTA
G0403H108,AON
G04104108,APXT
G04104116,APXTU
G04104124,APXTW
G04119106,MVLA
G04119122,MVLAW
G0411D115,APLMW
G0411D123,APLM
G0411R106,GBTG
G04126101,2659054D
G04126127,AACPU
G04126135,AACPR
G041JN106,AEHL
G041JN122,AEHL
G041JN130,AEHL
G0447T100,ARBB
G0450A105,ACGL
G04537109,ATII
G04537117,ATIIU
G04537125,ATIIW
G0453R105,ARCI
G0453R113,ARCIW
G0453R121,ARCIU
G0457F107,ARCO
G0474D101,APUR
G0474D119,APURR
G04819101,ENHA
G0509J107,AACBU
G0509J115,AACB
G0509J123,AACBR
G0535E106,APWC
G05436103,UP
G0543H109,ASCBF
G0543H117,ASCWF
G0543H125,ASUUF
G0543H133,ASCRF
G0544A103,ASPC
G0544A137,ASPCU
G0544A145,ASPCR
G0544E105,NIVF
G0544E113,NIVFW
G0567U101,ARQQ
G0567U119,ARQQW
G0567U127,ARQQ
G0579E103,ARTC
G0579E111,ARTCW
G0579E129,ARTCU
G0585R106,AGO
G0593M107,AZN
G0602B100,AUC
G0602B118,AUC
G0602B209,AUC
G06382108,AZI
G0679A100,ACAA
G0679A118,ACAAW
G0679A126,ACAAU
G0692U109,AXS
G06973112,AUGO
G0701G109,BDCI
G0701G117,BDCIW
G0701G125,BDCIU
G07031209,BBLNF
G0703K108,AXAC
G07041109,COOT
G07041117,COOTW
G0705H103,BDMD
G0705H111,BDMDW
G07064101,BIYA
G0726L125,ORGO
G0750C108,AXTA
G0750N104,AXIN
G0750N112,AXINR
G0750N120,AXINU
G0772R208,NTB
G0864B103,BMGL
G08908116,BAOS
G0896C103,TBBB
G09675102,BLIV
G0R21F105,TRAD
G0R21F113,TRAD-R
G0R21F121,TRAD-U
G0R30P136,AESPU
G0R38G104,XRPN
G0R38G112,XRPNW
G0R38G120,XRPNU
G0R38M101,AACI
G0R38M119,AACIW
G0R38M127,AACIU
G0R78B106,BCSS
G0R78B114,BCSS-WS
G0R78B122,BCSS-U
G0R91M105,ADAC
G0R91M113,ADACW
G0R91M121,ADACU
G1000R101,AAM
G1000S109,YCY
G1000S117,YCY-U
G1000S125,YCY-WS
G1051H101,TACO
G1051H119,TACOW
G1051H127,TACOU
G1051M126,GUACU
G1069P103,BSAA
G1069P129,BSAAR
G1069P137,BSAAU
G10830100,BYSI
G1110E107,BHVN
G1117K114,BIOX
G1143H101,BIXI
G1143H119,BIXIW
G1143H127,BIXIU
G11448100,BTDR
G1144A105,BTBT
G1148A101,BKHA
G1148A119,BKHAR
G1148A127,BKHAU
G1149B108,ABLV
G1149B116,ABLVW
G1151C101,ACN
G1152A104,FUFU
G1152A120,FUFUW
G1154S103,BIII
G1154S111,BIII-WS
G1154S129,BIII-U
G1156E102,BTTC
G1169T104,MRLN
G1169T120,BACQU
G1169T138,BACQR
G1170E104,BBCQ
G1170E112,BBCQW
G1194L118,BMHL
G1196A102,BPAC
G1196A110,BPACR
G1196A128,BPACU
G1261Q107,BLUAF
G1261Q115,BLUAW
G1261Q123,BLUVF
G1263B108,DSY
G1263B116,DSYWW
G1281K114,SLXNW
G1281K130,SLXN
G1288E103,BIQIF
G1311F119,BQ
G13227106,BREZ
G13227114,BREZR
G13311108,SLMT
G13311116,SLMT
G13311132,SLMT
G1331A108,BACC
G1331A116,BACCR
G1331A124,BACCU
G1331C104,BGL
G1331C112,BGLWW
G1352R105,BLRK
G1352R113,BLRKW
G1352R121,BLRKU
G1368A104,BWIV
G1368A112,BWIV-WS
G1368A120,BWIV-U
G1368E106,BLUW
G1368E114,BLUWW
G1368E122,BLUWU
G14492105,BON
G14492204,BON
G1466R173,BORR
G1472N125,WSHP
G1514D101,YHNA
G1514D119,YHNAU
G1514D127,YHNAR
G1611B107,BROGF
G16252101,BIP
G16258108,BEP
G1643W129,DFNSW
G16910120,BLSH
G17429104,BGIN
G17434104,BNT
G1745A108,CCTSF
G1745A116,CTSUF
G1745A124,CTSWF
G17564108,CRAQ
G17564116,CRAQR
G17564124,CRAQU
G1757E113,CMCL
G17580104,CLKTF
G1771C101,ALIS
G1771C119,ALISU
G17766109,CMBMF
G17977110,BUR
G1810A124,BRKHU
G1820C102,CANG
G1827K107,CEPO
G1828A108,CAEP
G1828E100,CEPF
G1828R101,CEPS
G1828S109,CEPV
G1828W100,CAES
G1871M108,CAQ
G1871M116,CAQUW
G1871M124,CAQUU
G1889L100,CMCAF
G1889L118,CMCUF
G1889L126,CMCWF
G1890L107,CPRI
G18920101,CTOS
G18932106,CPTAF
G18932114,CPTWF
G1893D110,CRPWF
G1901X108,HTCO
G19305104,REEUF
G19305112,RENEF
G19305120,REEWF
G19307100,FAC
G19307126,FACWW
G19316127,CGCFU
G1933S101,CASIF
G1991X125,BANL
G1992Y122,ETWOW
G1993R100,CCTG
G1993R118,CCTG
G1993W109,CAPN
G1993W117,CAPNR
G1993W125,CAPNU
G1995D109,CRTAF
G1995D117,CRTWF
G1995D125,CRTUF
G1R59W101,BHAV
G1R59W127,BHAVU
G2003N105,BEAG
G2003N113,BEAGU
G2003N121,BEAGR
G2004J103,CCL
G2007L113,CZOWF
G2007L121,CZOOF
G20080100,CBAT
G2030P107,CDTG
G2030P115,CDTG
G20315100,ALF
G20315118,ALFUW
G20315126,ALFUU
G20528108,MCTA
G2061X102,CBRRF
G2061X110,CBRGF
G2061X128,CBGGF
G20707108,CCG
G20707116,CCGWW
G2086N105,CHEC
G2086N113,CHECU
G2086N121,CHECW
G2104U107,CHSN
G2104X101,MTNE
G2104X119,MTNE-WS
G2104X127,MTNE-U
G21082105,CYD
G2110U117,CHNR
G2124G120,RDGT
G2124G203,RDGT
G2124J108,CHOW
G2124S108,CHPG
G2124S116,CHPGR
G2124S124,CHPGU
G2125H101,CAAS
G21307106,CINT
G2130T108,INFQ
G2130T116,INFQ-WS
G2130T124,CCCXU
G2131A108,CCXI
G2131A116,CCXIW
G2131A124,CCXIU
G2131M102,CXII
G2131M110,CXIIW
G2131M128,CXIIU
G2143T103,CMPR
G2161P140,SXTC
G2161P157,SXTC
G21621100,BTOG
G21621118,BTOG
G2177B101,CHKGF
G21810109,CLVT
G2181K105,CNEY
G2181K113,CNEY
G2181K204,CNEY
G2254C105,CCIIU
G2254C113,CCIIW
G2254C121,CCII
G22741105,CAII
G22741113,CAIIW
G22741121,CAIIU
G22845104,OCTV
G2284A103,CLBR
G2284A111,CLBR-WS
G2284A129,CLBR-U
G2287A134,ZNB
G2287A142,ZNB
G2287A209,ZNB
G2294A101,CTAA
G2294A127,CTAAU
G2295P107,COLA
G2295P115,COLAR
G2296M103,CMII
G2296M111,CMIIU
G2296M129,CMIIW
G23017109,ETSS
G23017117,ETSS-WS
G23017125,ETSS-U
G2311X100,CLRCF
G2311X118,CLRWF
G2311X126,CLRUF
G2311X134,CLRRF
G23549101,CNTB
G23773107,CWCO
G24243100,COPL
G24243118,COPL-U
G24243126,COPL-WS
G24498100,ARCLU
G24498118,ARCL
G24498126,ARCLW
G24498134,ARCLR
G2452S100,CIGL
G24979109,CHAC
G24979117,CHACR
G25014104,CRAN
G25014112,CRANR
G25014120,CRANU
G2519Y108,BAP
G25457105,CRDO
G2545C104,CBIO
G25508105,CRH
G2563P102,CGTL
G2574F101,CRACU
G2574F119,CRAC
G2574F127,CRACR
G2574S103,CRACW
G25839104,CCEP
G2584S101,KOYN
G2584S119,KOYNW
G2584S135,KOYNU
G2588N108,TJGC
G2592E102,CUPR
G2614K128,RBOTW
G2616C108,DSAC
G2616C116,DSACW
G2616C124,DSACU
G2616F101,BCAR
G2616F119,BCARW
G2616F127,BCARU
G2616T101,DBCA
G2616T119,DBCAW
G2616T127,DBCAU
G2657S103,DKI
G2657S111,DKI
G2659M104,DTSS
G2662B103,CRML
G2662B111,CRMLW
G26745102,POLE
G26745110,POLEU
G26745128,POLEW
G268AP109,CGBSF
G268AP117,CGBWF
G2703G103,DLXY
G2717C106,CWK
G2748R106,DXST
G2758T109,BNAI
G27617102,FAASF
G27617110,FASWF
G276AC101,DDC
G276AC119,DDC
G27740110,DIST
G2775W127,DGAC-U
G2788T103,DOGZ
G2788T111,DOGZ
G27907107,DOLE
G28302100,CCC
G28365107,MATH
G2847J104,DMAA
G2847J112,DMAAR
G2847J120,DMAAU
G2851K104,DMII
G2851K112,DMIIR
G2851K120,DMIIU
G2853N106,DTSQ
G2853N114,DTSQR
G2853N122,DTSQU
G2867S109,CCAQ
G2867S117,CCAQW
G2867S125,CCAQU
G28687104,DGNX
G28687112,DGNX
G2868C103,DAAQ
G2868C111,DAAQW
G2868C129,DAAQU
G29018101,DLO
G2907P107,ELOG
G29183103,ETN
G29201103,ECX
G29201111,ECXWW
G2946P100,EGHA
G2946P118,EGHAR
G2946P126,EGHAU
G2949D104,DYNC
G2949D112,DYNCW
G2949D120,DYNCU
G2949T109,DNMX
G2949T117,DNMXW
G2949T125,DNMXU
G2952X138,EJH
G2952X153,EJH
G2952X203,EJH
G29687103,AWK
G2R09D110,CLIK
G2R11M108,DPC
G2R18K105,CSTAF
G2R18K113,CSTWF
G2R18K121,CSTUF
G2R63D105,CRE
G3016G103,ELPW
G3034H109,EMCGF
G3034H125,EMCWF
G3034H133,EMCUF
G3034H141,EMCRF
G3037D105,EMIS
G3037D113,EMISR
G3040B104,ENGS
G3090S106,EPSM
G3104J100,EEIQ
G3104J142,EEIQ
G3106N109,FTW
G3106Q102,EVAC
G3106Q110,EVAC-U
G3106Q128,EVAC-WS
G3109F103,RAYA
G3121H103,EHGO
G31249108,ESTA
G31363115,ETAOF
G3139J109,EFTY
G3142E105,EUDA
G3142E121,EUDAW
G3156P103,ASA
G31642104,CLPS
G3166W106,NAUT
G3198U102,ESNT
G32030127,CLWT
G3206V100,ESTRF
G32089107,ETOR
G32168109,EURK
G32168117,EURKU
G32168125,EURKR
G32212105,EDHL
G3223R108,EG
G3226F101,EVOX
G3226F119,EVOXW
G3226F127,EVOXU
G3265R107,APTV
G3265R115,APTV-W
G32901103,FACT
G32901111,FACTU
G32901129,FACTW
G3302D103,FGI
G3302D111,FGIWW
G33033104,KDK
G33033120,KDKRW
G3303U112,AAC-U
G33147128,DUO
G3314G110,AIFU
G3323L100,FN
G33277131,FAMI
G33277149,FAMI
G3337S109,FBGL
G33380109,FTRK
G33856108,GSM
G3398L118,PLGO
G3413G102,FEBO
G3415K101,FERA
G3415K127,FERAU
G3415K135,FERAR
G3473K100,FIGX
G3473K118,FIGXW
G3473K126,FIGXU
G35150104,GMEX
G3530C109,FSHP
G3530C133,FSHPU
G3580P109,FCHL
G35947202,FLNG
G3624C106,FTHA
G3624C114,FTHAW
G3624C122,FTHAU
G3643J108,FLUT
G3645T104,FVAV
G3645W123,FXACU
G3651J115,QUILF
G3662E105,FGL
G3663X128,SPWRW
G36738105,DMC
G3700S108,FMAC
G3700S124,FMACU
G37068106,FVN
G37068114,FVNNR
G37068122,FVNNU
G37073122,FWACU
G3710B103,GLED
G3710B129,GLED-U
G37307124,FTRA-U
G3730L107,GSIW
G3730U107,FCRS
G3730U115,FCRS-WS
G3730U123,FCRS-U
G3730V105,FTAI
G3731B108,GMHS
G37692103,GLXG
G3770A110,SHPSQ
G3777B103,GELYF
G3777K103,GCL
G3777K111,GCLWW
G3788R105,EMWPF
G3793T104,GCGR
G3793T112,GCGRU
G3793T120,GCGRW
G3810N106,GPAC
G3810N114,GPACW
G3810N122,GPACU
G38268119,TGE-WS
G38327105,GPRK
G3852D107,GSHR
G3852D115,GSHRW
G3852D123,GSHRU
G3855L106,GHRS
G38617117,GIBOW
G38617125,GIBO
G38644103,GCT
G38648104,HDRN
G38648112,GIGGU
G38648120,HDRNW
G3864J100,GIW
G3864J118,GIWWR
G3864J126,GIWWU
G3865B106,GIXXU
G3865B114,GIX
G3865B122,GIXXR
G3922B107,G
G3932F106,EPOW
G3932F114,EPOW
G3933N108,GTERU
G3933N116,GTERA
G3933N124,GTERW
G3933N132,GTERR
G39342103,CORBF
G3934V109,GENI
G3937M106,GMM
G3937M114,GMM
G3937M205,GMM
G39387108,GFS
G39462141,GMVDF
G3959D109,GDHG
G3959D133,GDHG
G39637205,2663476D
G39711109,GLE
G39973105,CHR
G39973139,CHR
G3R239101,GRSD
G3R23D102,GGAAF
G3R23D110,GGAUF
G3R23D128,GGAWF
G3R23E100,KBSX
G3R25D209,HTOO
G3R25N108,LATA
G3R25N116,LATAW
G3R25N124,LATAU
G3R33A205,EBON
G3R39B108,GVH
G3R41C102,FGII
G3R41C110,FGIIW
G3R41C128,FGIIU
G3R95N103,ZEO
G3R95P108,OIO
G3R95P116,OIOWW
G3R95P124,OIO
G40008123,GHXIU
G4000K100,GRRR
G4000K118,GRRRW
G4000K175,GRRR
G4002F109,GTEN
G4002F117,GTENU
G4002F125,GTENW
G4013A107,GSUN
G4013A115,GSUN
G4027R104,BTBT
G4035N103,GPAT
G4035N111,GPATU
G4035N129,GPATW
G4036C106,TONT
G4036C114,TONT-U
G4036C122,TONT-WS
G40705108,GDLC
G4092C107,GCDT
G4095J109,GLRE
G4095T107,GTEC
G40981139,GTEC
G4124C109,GRAB
G4124C117,GRABW
G4149Y102,TGHL
G4236L112,GFAI
G4236L120,GFAIW
G4236L138,GFAI
G42386105,HCAC
G42386113,HCACR
G42386121,HCACU
G4253H101,JHX
G42706104,HG
G4289N205,PAVS
G4290A101,HDALF
G4290D105,HXHX
G4290F100,HAO
G4290F118,HAO
G4290G108,FOFO
G4330A103,HAVA
G4330A111,HAVAR
G4330A129,HAVAU
G4337R109,HCHL
G43658106,IMSR
G43658122,IMSRW
G4365E103,HCMA
G4365E111,HCMAW
G4365E129,HCMAU
G4365S102,HACQ
G4365S110,HACQW
G4365S128,HACQU
G4373K109,HAIAF
G4373K117,HAIWF
G4373K125,HAIUF
G4375F108,HYAC
G4375F124,HYAC-U
G4388N106,HELE
G44055104,HCIC
G44055112,HCICU
G44055120,HCICR
G4405D107,HVII
G4405D115,HVIIR
G4405D123,HVIIU
G4411D109,OBIO
G4411J106,PITWF
G4411J114,PITEF
G44125105,HYPR
G4412G101,HLF
G4444C102,MLTX
G4444H101,BBOT
G4444S107,HLXC
G4453R115,MAAS
G4465R111,DCX
G4465R137,DCX
G4481U106,HIHO
G44898123,HIGAW
G45139105,HKIT
G4569C101,HVMC
G4569C119,HVMCW
G4569C127,HVMCU
G45806109,HTLM
G4594M108,HLP
G46127109,HBNB
G4619M109,HSPOF
G4619M117,HSPWF
G4619M133,HSPUF
G46440114,HUHU
G4645E105,HUDI
G4645R114,HCAI
G4645R122,HCAI
G4660A103,HSHP
G4690M101,IBEX
G4701H109,IHS
G4705A100,ICLR
G470AU100,ILLU
G470AU118,ILLUW
G470AU126,ILLUU
G4727U100,IACO
G4727U118,IACOW
G4727U126,IACOU
G4740B105,ICHR
G4760B100,IZM
G4760X102,INDO
G4766E116,INDV
G47724201,IFBD
G47724300,IFBD
G47862100,CURR
G47874121,LUNR
G47875102,IPCX
G47875110,IPCXR
G47875128,IPCXU
G4790S107,IPFX
G4790S115,IPFXW
G4790S123,IPFXU
G4790U102,USAR
G4791J106,INAC
G4791J114,INACR
G4791J122,INACU
G4802J103,IEAG
G4802J111,IEAGR
G4802J129,IEAGU
G48047107,INTJ
G48047115,INTJ
G48049103,NCT
G4804S101,ILAG
G4804S119,ILAG
G4808M100,INLF
G4809J106,IGIC
G4814G105,DYOR
G4814G113,DYORW
G4814G121,DYORU
G4828B100,WELNF
G4828B118,WELWF
G4828B126,WELUF
G4863A108,BRSL
G48833118,WFRD
G4887W110,SJ
G49097127,IPVVU
G491BT108,IVZ
G49219101,IVCAF
G49219119,IVAUF
G49219127,IVAWF
G4923T105,IVCBF
G4923T113,IVCWF
G4923T121,IVCUF
G4924G102,IGAC
G4924G110,IGACR
G4924G128,IGACU
G4939F107,IACQ
G4939F115,IACQU
G4939F123,IACQW
G4940M109,IRAB
G4940M117,IRAB-WS
G4940M125,IRAB-U
G4940T104,IOTR
G4949K120,IDACU
G49667101,ISRLF
G49667119,ISLWF
G49667135,ISLUF
G4977S102,ITHA
G4977S110,ITHAW
G4977S128,ITHAU
G4992A110,JACS
G4992A136,JACS-R
G4992A201,JACS-U
G4R102125,GSRVU
G4R12K107,GSRF
G4R12K115,GSRFR
G4R12K123,GSRFU
G4R20B107,INTR
G4R52R103,HPAI
G4R52R111,HPAIW
G4R53M103,GRAN
G4R87P106,SES-WS
G4R87P114,SES
G50004129,JABRU
G5000D103,IXAQF
G5000D111,IXQWF
G5000D129,IXQUF
G5005R107,JRVR
G5006S104,SDM
G50716102,NVNI
G50716110,NVNIW
G50737108,JWSMF
G50737116,JWSUF
G50737124,JWSWF
G50740102,VELO
G50740110,VLDXW
G5074A100,JDHIF
G5074S101,JDLGF
G50765109,JATT
G5084H103,JYD
G5084H111,JYD
G50871105,JAZZ
G50875205,JCSE
G50883100,JBDI
G5093B105,JENA
G5093B113,JENA-R
G5093B121,JENA-U
G51400102,JZXN
G51400136,JZXN
G51405101,CRGO
G51405119,CRGOW
G5140V112,ZJYL
G51413105,FRGT
G51413121,FRGT
G51502105,JCI
G5191U104,JL
G5191U120,JL
G5194C101,JWEL
G5194C119,JWEL
G5211G200,ATCX
G52131110,KACLF
G52131136,KACRF
G5214E103,KNDI
G5223X142,KXIN
G5223X159,KXIN
G5223X175,KXIN
G52251116,KALWQ
G52258103,KFIIU
G52258111,KFII
G52258129,KFIIR
G5225N100,FMFC
G5225W100,KBON
G5225W118,KBONW
G5225W126,KBONU
G5226B105,KTWO
G5226B113,KTWOR
G5226B121,KTWOU
G5235S115,KCAC-WS
G5235S123,KCAC-U
G5235S131,KCA-U
G52441105,KMTS
G52443101,KVAUF
G52443119,KVACF
G52443127,KVAWF
G52539106,KEYY
G52539114,KEYYU
G5260K102,KG
G52694109,KNSA
G5279F110,EZGO
G5279N105,KLAR
G5294K110,SUPX
G5304A102,KNRX
G5304D106,KCHV
G5304D114,KCHVR
G5304D122,KCHVU
G53151109,KWM
G53151125,KWMWW
G53157106,KPET
G53157114,KPET-WS
G53157122,KPET-U
G5315B107,KOS
G5315G106,KRAQ
G5315G114,KRAQW
G5315G122,KRAQU
G5321F100,KMRK
G5331N101,KYIV
G5331N119,KYIVW
G53426105,LAFA
G53426113,LAFAR
G53426121,LAFAU
G5345D107,ZKP
G5345D115,ZKPW
G5345D123,ZKPU
G5353S103,LCCC
G5353S129,LCCCU
G5353S137,LCCCR
G5354C107,LKSP
G5354C115,LKSPR
G5354C131,LKSPU
G5380J100,LANV
G5380J118,LANWF
G5391L102,LVROF
G5391L110,LVRWF
G54050102,LAZ
G5414D103,LFAC
G5414D111,LFACW
G5414D129,LFACU
G5479G108,LICN
G5479G116,LICN
G5480C104,LHSW
G5480M102,LBGJ
G5490M100,LWAC
G5490M118,LWACU
G5490M126,LWACW
G54950103,LIN
G5496W102,LNKS
G54971208,LINUF
G5500B102,UZX
G5500B128,UZX
G5500K102,JLHL
G5501C109,CUB
G5501C117,CUBWW
G5501C125,CUBWU
G55032125,HOLOW
G55032174,HOLO
G55032208,HOLO
G5509L101,LIVN
G5509P102,TMS
G5509P110,TMSWW
G5510C116,AGLWQ
G5533W248,LLDTF
G5557R109,LPA
G55598109,EVARF
G5568L109,LZM
G5568L117,LZM-WS
G56981114,LKCOF
G5698W116,LXFR
G57019104,LUD
G5701H122,LTGRU
G57037106,LGCL
G57037114,LGCL
G5784H106,MANU
G57Y3D109,LZMH
G5865E121,MEGL
G5880S105,PASW
G5880S113,PASW
G59467202,CD
G5960L103,MDT
G59665102,MGTX
G59669104,MPNGF
G5980E105,MGN
G5S86M100,LPAA
G5S86M118,LPAAU
G5S86M126,LPAAW
G5S87A105,LPBB
G5S87A113,LPBBW
G5S87A121,LPBBU
G5T117102,MYX
G5T117110,MYXXR
G5T117128,MYXXU
G5T117136,MYXXW
G6001H101,MB
G6001J107,IPEX
G6001J131,IPEXR
G6001S107,LPCV
G6001S115,LPCVW
G6001S123,LPCVU
G6004G100,MACI
G6004G118,MACIW
G6004G126,MACIU
G6005A102,MGRT
G6005C108,MPU
G6005T101,MKLY
G6005T119,MKLYR
G6005T127,MKLYU
G6032N101,MESH
G6032N119,MESHW
G6032N127,MESHU
G60420109,MTAL
G60420117,MTAL-WS
G60420125,MTAL-U
G6053N105,MSSAF
G6053N113,MSSRF
G6053N121,MSSWF
G6053N139,MSSUF
G6055H148,BTCT
G6055H155,BTCT
G6065C113,MFI
G6071J102,MEVO
G6071J110,MEVOW
G6071J128,MEVOU
G6077Y103,MLGO
G6083M101,MCRP
G6096M106,NIKI
G6096M122,NIKI
G61188101,LBTYA
G61188119,LBTYB
G61188127,LBTYK
G61440106,PMA
G6146G109,MIMI
G6146G117,MIMI
G6169A104,MGIH
G6180J100,MMTX
G6180J118,MMTXW
G6181K106,MTC
G6181K114,MTC
G6181K122,MTC
G6202B101,MNY
G6202B119,MNYWW
G6209W108,MKDW
G6209W116,MKDWW
G6209W124,MKDW
G6223S117,MLECW
G62264109,MNDR
G62264117,MNDR
G62264133,MNDR
G6256B114,SMNRW
G62980100,MCAH
G62980118,MCAHR
G62980126,MCAHU
G6301L109,MLAA
G6301L117,MLAAW
G6301L125,MLAAU
G63113107,MZYX
G63113115,MZYX-WS
G63113123,MZYX-U
G63212107,VLOS
G63212115,VLOSW
G63212123,VLOSU
G63221108,MBVI
G63221116,MBVIW
G63221124,MBVIU
G63290103,PLMWF
G63290111,PLMJF
G63290129,PLMUF
G6331P104,AOSL
G63325123,ALPXU
G6332A114,STWWF
G6333L200,ITRMF
G63369105,MRNO
G63369113,MRNOW
G6359F103,NBR
G6359F137,NBR
G6360J102,MMVVF
G6360J136,MMVXF
G6362F108,MWG
G63637139,NBRVF
G63638103,NAMM
G63638111,NAMMW
G6363T107,MI
G6363T115,MI
G6365B104,HKPD
G63755105,NIQ
G6375R107,NESR
G6375X104,NMP
G6375X112,NMPAR
G6375X120,NMPAU
G63836103,IVCP
G63907102,NTPIF
G6391Y128,NA
G6421C120,NCI
G6427A102,NETTF
G6427C108,NTCL
G6439S109,NTWO
G6439S117,NTWOW
G6439S125,NTWOU
G64627105,NCEW
G6464L102,NBRG
G6464L110,NBRGU
G6464L136,NBRGR
G6476A102,NPAC
G6476A110,NPACW
G6476A128,NPACU
G6483G100,NEGG
G6483G209,NEGG
G6486E102,NHIC
G6486E110,NHICW
G6486E128,NHICU
G6486G107,NHIV
G6486G115,NHIVW
G6486G123,NHIVU
G65163100,JOBY
G65163118,JOBY-WS
G6529J100,GDEV
G6529J118,GDEVW
G6529J209,GDEV
G65305123,XOSWW
G65431127,NE
G65431150,NE-WS-A
G6564A105,NOMD
G65773106,NAT
G6593L122,AIOS
G6593L130,AIOS
G66721104,NCLH
G6674U108,NVCR
G6683N103,NU
G66903132,OCAC-U
G6693P106,AIIO
G6693P114,AIIOW
G6693P122,AIIO
G6700G107,NVT
G670AQ104,CSHR
G6713S106,OFAL
G67145105,HIMS
G6717R104,OACC
G6717R112,OACCW
G6717R120,OACCU
G67187107,OWLS
G6722R107,OHAC
G6722R115,OHACU
G6722R123,OHACR
G6724L116,OKYO
G6755S105,OMSE
G6757R105,ONCH
G6757R113,ONCHW
G6757R121,ONCHU
G6772F102,YDDL
G6772P100,PACK
G67751100,ORIQ
G67751118,ORIQU
G67751126,ORIQW
G6781F101,ORKT
G6781F119,ORKT
G67828205,SEED
G6791A100,OTGA
G6791A118,OTGAW
G6791A126,OTGAU
G67927106,OST
G67927122,OST
G6796W107,OCG
G6796W115,OCG
G6826S100,ONEG
G6855L109,JTAI
G6856M106,OXBR
G6856M114,OXBRW
G6858G107,OBA
G6858G115,OBAWW
G6858G123,OBAWU
G6859L105,BRLS
G6859L121,BRLSW
G6861F104,OYSE
G6861F120,OYSEU
G6861F138,OYSER
G68707101,PAGS
G6881J102,PALO
G6881J110,PALOW
G6881J128,PALOU
G6891L105,PANL
G6925R102,BYAH
G69451105,PAX
G6951A122,PTACU
G6956D105,PECE
G6956D113,PECER
G6956D121,PECEU
G6964L206,PSFE
G6993G111,PELIR
G6993G129,PELIU
G6S34K105,ABTS
G6S34K113,ABTS
G6S38M107,OMH
G6S38M123,OMH
G6S41R101,RVLPQ
G6S74K106,OIM
G6S74K114,OIMAW
G6S74K122,OIMAU
G6S85D109,MTEN
G7006A109,PERF
G7006A117,PERFF
G70077105,FRNM
G7010A103,PMTRU
G7010A111,PMTRW
G7010A129,PMTR
G7049C104,POAS
G7075R108,PHOE
G71115102,RCT
G7111A101,PTNM
G71139102,PANHF
G7117W107,PACH
G7117W115,PACHW
G7117W123,PACHU
G7122D102,YIBO
G71264108,PLTS
G7126L100,TH
G7134A104,PLMK
G7134A112,PLMKU
G7134A120,PLMKW
G7134L118,VEEAW
G71382108,PLUN
G71382124,PLUN-U
G71399102,ITOC
G7144S103,PLUT
G71604105,PLBL
G71700101,CPOP
G71700119,CPOP
G71702107,PONO
G71702115,PONOR
G71702123,PONOU
G71704103,HOVR
G7173H101,PFAI
G7185A128,ALP
G7185A136,ALP
G7185D106,PFTA
G7185D122,PFTAU
G7200G100,PMAX
G7207P103,ASBP
G7207P129,ASBPW
G72245114,PRENW
G72245122,PRE
G7241B110,ZDAI
G7243P109,NCNCF
G7243P117,NCNWF
G7244A119,AURE
G7244A127,AURE
G7257A105,PCAP
G7257A113,PCAPU
G7257A121,PCAPW
G72800108,PRTA
G7307E123,BGM
G7308J105,PSIG
G7308J113,PSIG
G7308P101,PHYTF
G7308P119,PHYUF
G7308P127,PHYWF
G7309R106,QMMM
G7309R114,QMMM
G7309T102,PAII
G7309T110,PAII-WS
G7309T128,PAII-U
G7310E102,QADR
G7310E110,QADRW
G7310E128,QADRU
G7314B104,QSEA
G7314B112,QSEAU
G7314B120,QSEAR
G7315L101,QRED
G7315L119,QRED-R
G7315L127,QRED-U
G73167101,QLEP
G73167127,QLEP-WS
G7318R105,LEGO
G7318R113,LEGO-WS
G7318R121,LEGO-U
G7330C128,RCFUF
G7341A103,PAAC
G7341A111,PAACW
G7341A129,PAACU
G7375C108,RANG
G7375C116,RANGR
G7375C124,RANGU
G7375J103,RNGT
G7375J111,RNGTW
G7375J129,RNGTU
G7377S119,PTLE
G7385S101,RAY
G7385S119,RAY
G7387B106,QUMS
G7387B114,QUMSR
G7387B122,QUMSU
G7396L103,JDZG
G7396L111,JDZG
G74079107,RKT
G7410G106,RMSG
G7410G114,RMSGW
G7415M108,RCON
G7415M124,RCON
G7415M132,RCON
G7445R101,RECT
G7457R122,RBZHF
G7484L106,AUR
G7484L122,AUROW
G7486B106,RITR
G7486J109,VNTG
G7487R100,RGC
G7490F101,RTAC
G7490F119,RTACU
G7490F127,RTACW
G7493L105,RLXXF
G7496G103,RNR
G75006117,RNSHF
G7500M104,RNW
G7500M120,RNWWW
G7515A103,RDAG
G7515A111,RDAGU
G7515A129,RDAGW
G75226103,RACC
G7523E121,RPGL
G75271109,RETO
G75271307,RETO
G7537X107,RFAM
G7537X115,RFAMU
G7537X123,RFAMR
G75389109,RFAI
G75389117,RFAIR
G75389125,RFAIU
G75398100,RZLV
G75398118,RZLVW
G7552W109,RIBB
G7552W117,RIBBR
G7553X106,KRSP
G7553X114,KRSP-WS
G7553X122,KRSP-U
G7555P101,ANPA
G75751100,RAC
G75751118,RAC-WS
G75751126,RAC-U
G7576K107,RDAC
G7576K115,RDACR
G7606H108,RDZN
G7606H116,RDZNW
G7610P120,SHOTU
G76279101,ROIV
G7633M104,DRDB
G7633M112,DRDBW
G7633M120,DRDBU
G7633Y108,ROMA
G7709Q104,RPRX
G770AL103,RREV
G770AL111,RREVU
G770AL129,RREVW
G7710T105,RYET
G7733R102,RYDE
G7738W106,SFL
G77676107,SAC
G77676115,SAC-WS
G77676123,SAC-U
G7776G104,INEO
G7779D108,SAGT
G7785M118,SFHG
G7823S101,SATL
G7823S119,SATLW
G7840J118,SCAGW
G7852T103,SAIH
G7852T111,SAIHW
G7864D112,SJ
G7866D102,SCII
G7866D110,SCIIR
G7866D128,SCIIU
G79483106,LAES
G7997R103,STX
G7997W102,SDRL
G7S00T104,PNR
G7S17G103,PTOR
G7S17G111,PTORU
G7S17G129,PTORW
G7T96K107,SRL
G8021C104,SELXF
G8059B101,SLNAF
G8059B119,SLNWF
G8060N102,ST
G8062B114,SNTG
G8068L108,SN
G8071C103,JEM
G8089R100,PGAC
G8089R118,PGACR
G8089R126,PGACU
G81075106,SFL
G8116J105,SAGU
G8116J121,SAGU-U
G8117B101,SFWL
G8118C108,SDHIU
G8118C116,SDHIR
G8118C124,SDHI
G81237102,YMAT
G81276100,SIG
G81306105,SVAQU
G81306113,SVAQW
G81306121,SVAQ
G81354105,SBXD
G81354113,SBXD-U
G81354121,SBXD-WS
G8136L106,MAPS
G8148S107,SBXE
G8148S115,SBXE-WS
G8148S123,SBXE-U
G81569108,SIND
G8191L116,SLBT
G8192H106,SPNT
G8192J102,SPEG
G8192J128,SPEGU
G8192U107,SPPL
G8192U115,SPPL
G8193D104,KAZR
G8193F109,SZZL
G8193F125,SZZLU
G8193F133,SZZLR
G8208B101,JDCMF
G8210L105,SLAMF
G8210L113,SLMUF
G8211A108,EDTK
G82195101,SLGB
G8221K112,PN
G82454102,SMJF
G8250T109,OPEN
G8251A125,ISNRU
G8251K107,CLOV
G8252P105,SOFI
G8254P103,SCPQ
G8254P111,SCPQW
G8254P129,SCPQU
G82617104,SOCA
G82617112,SOCAW
G82617120,SOCAU
G8267K109,SMX
G8267K117,SMXWW
G8267P108,SW
G82745103,SOUL
G82745129,SOUL-U
G82745137,SOUL-R
G8274J103,SORN
G8274J111,SORNW
G8274J129,SORNU
G8274W104,SOS
G82759104,AXG
G8292E102,SKK
G8303R100,TMTS
G8303R118,TMTSW
G8303R126,TMTSU
G83116106,MENS
G8316B100,SPKL
G8316B118,SPKLW
G8316B126,SPKLU
G8354H118,DNABW
G83745102,SACQF
G83745128,SACWF
G83752108,SVIIF
G83752124,SVIUF
G83752132,SVIRF
G8375S101,SAAQ
G8375S119,SAAQW
G8375S127,SAAQU
G83761109,SPHL
G8377G105,SVIV
G8377G113,SVIVW
G8377G121,SVIVU
G8377R101,GFUZ
G8377R119,GFUZW
G8403L110,SVUWF
G84092116,STAK
G8431T101,SIMA
G8431T119,SIMAW
G8431T127,SIMAU
G8437Q101,STFS
G8437Q127,STFS
G8443M102,OTAI
G8443M128,OTAI-U
G8465L115,STETW
G8473T100,STE
G8475V103,SVCC
G8475V111,SVCCW
G8475V129,SVCCU
G85096108,APAC
G85096116,APACR
G85096124,APACU
G85158106,STNE
G8552M109,SUGP
G8557R103,SUMA
G8557R111,SUMAR
G8557R129,SUMAU
G8559L104,SSEAU
G8559L112,SSEA
G8559L120,SSEAR
G85727108,SDA
G85727116,SDAWW
G8588X103,SGHC
G8598Y109,TMC
G86302109,SWVL
G86302117,SWVLW
G86302125,SWVL
G8651P110,SPIEQ
G8656L106,THCH
G8656L130,THCH
G8662J103,TDWDU
G8662J111,TDWD
G8662J129,TDWDR
G86652107,TLNC
G86652115,TLNCU
G86652123,TLNCW
G8675N109,TGAAF
G8675N117,TGAUF
G8675N125,TGAWF
G8675V127,TAOP
G8675X107,TANH
G8675X149,TANH
G8675X156,TANH
G86880104,TAVI
G86880138,TAVIU
G86880146,TAVIR
G87052109,TEL
G87084102,PETZ
G87084110,PETZ
G8708A116,RVPH
G8708L104,CTOR
G87110105,FTI
G87119106,TETEF
G87119114,TETWF
G87119122,TETUF
G87264100,TGLS
G8726T105,TK
G8726X106,TNK
G8763W102,TLIH
G8772G106,NPT
G8772L105,TVA
G8772L113,TVACW
G8772L121,TVACU
G8773A116,TVIVU
G8773E100,BEBE
G8773E118,BEBE-WS
G8773E126,BEBE-U
G8775A106,MUZE
G8775A114,MUZEW
G8775A122,MUZEU
G87890102,TVAI
G87890110,TVAIR
G87890128,TVAIU
G8789K124,ABILF
G8807B106,TBPH
G8827U100,SPNT
G8849D110,MASK
G8857R100,RPAY
G88672103,GRND
G8884K136,TIRXF
G88912103,TLSA
G88935120,SHAZW
G88950103,CHR
G88953107,TMDE
G8901A103,TACH
G8901A111,TACHW
G8901A129,TACHU
G8923U103,DPU
G8924F105,TNMG
G8924F121,TNMG
G8945S102,TWG
G8945S110,TWG
G8946B108,SORA
G89479102,TRMD
G8976D107,TOYO
G89827128,ACEL
G8994E103,TT
G8T088109,SSAC
G8T088117,SSACR
G8T088125,SSACU
G8T088133,SSACW
G9001E102,LILA
G9001E128,LILAK
G9008W105,TDAC
G9008W113,TDACW
G9008W121,TDACU
G9009S103,BLZR
G9009S111,BLZRW
G9009S129,BLZRU
G9027T117,SSTPW
G9037S109,TRGS
G9037S117,TRGSR
G9037S125,TRGSU
G90420129,BIDWU
G9059U107,TSEOQ
G9087Q102,TROX
G9094C104,TROO
G9103H110,TRIRW
G9107K101,THH
G9108L108,TEN
G9108L173,TEN
G9118J119,SBIGW
G9145D101,TWLV
G9145D119,TWLVR
G9145D127,TWLVU
G9161K104,MF
G9161K112,MF
G9222R106,UNPSF
G92ALM108,UAC
G92ALM116,UAC-WS
G92ALM124,UAC-U
G92Y4F100,UFG
G9310A114,UTSI
G9310A122,UTSI
G9376R100,VIVO
G9376R209,VIVO
G93882192,VODPF
G93A5A101,VIK
G93Y09123,VCICU
G93Y0A104,UYSC
G93Y0A112,UYSCR
G93Y0A120,UYSCU
G93Y7F106,VECA
G93Y7F122,VECA-U
G9411M108,FXHO
G9411M124,FXHO
G94184101,WAFU
G9440A109,VSTA
G9441E118,BKKT-WS
G9442G112,UPC
G9449A134,UK
G9451V109,VINP
G9456A100,GLNG
G9460G101,VAL
G9460G119,VAL-WS
G9460K128,GROVW
G9460M124,WPCBF
G9470A102,VTEX
G9471C115,EVTWF
G9471C206,EVTL
G9473A117,UTAWF
G9491K105,GGR
G9491K113,GGROW
G9491K139,GGR
G9495L125,VRAX
G9503X103,WALD
G9503X111,WALDW
G9513A101,WETO
G9513S102,WBUY
G9520U116,UCAR
G9520U124,UCAR
G9525W109,WEJOF
G9525W117,WEJWF
G9545M115,WCT
G9548D104,WTF
G9572D103,BULL
G9572D111,BULLW
G9580A109,VNME
G9580A117,VNMEW
G9582G104,VACI
G9582G112,VACI-WS
G9582G120,VACI-U
G9584S106,WSTN
G9584S114,WSTNR
G9600E107,WENC
G9600E115,WENC-R
G9600E123,WENC-U
G9600F104,VGNT
G9604C115,WNW
G9604C123,WNW
G9606P197,WTBCF
G96115103,WYFI
G9618E107,WTM
G96193100,WPAC
G96193126,WPAC-R
G9627R107,WFF
G9627S105,WXM
G9640P120,WLCOU
G96629103,WTW
G9675K103,WLII
G9675K111,WLIIW
G9675K129,WLIIU
G9675P102,WLAC
G9675P128,WLACU
G9687V204,WIMI
G9709D109,VHCP
G9709D117,VHCPW
G9709D125,VHCPU
G9717M109,WTG
G9717M117,WTGUR
G9717M125,WTGUU
G97223104,WINSF
G9723Y105,WSE
G9767H109,WOK
G97775103,AERT
G97822103,PRGO
G98218202,VCIG
G98218301,VCIG
G98239109,XP
G982AW100,XPNGF
G98301107,YDES
G9831H101,XCBE
G9831H119,XCBEW
G9831H127,XCBEU
G98338109,YTRA
G9833K102,XSLL
G9833K110,XSLLW
G9833K128,XSLLU
G9834A103,YGFGF
G9834D107,XFLH
G9834D115,XFLH-R
G9834D123,XFLH-U
G9835C108,YHEKF
G98659108,MCGAU
G98659116,MCGA
G98659124,MCGAW
G98665121,YICCU
G9876W104,YAAS
G9876W112,YAAS
G9877L107,CHAR
G9877L115,CHARR
G9877L123,CHARU
G9877T100,YSXT
G98847208,YECO
G9888Q103,YYGH
G98892105,ZTG
G9889V101,ZENVF
G9889X115,ZAPWF
G9889X123,ZAPPF
G9892K100,ZKIN
G9892K209,ZKIN
G9897X107,ZCMD
G9897X115,ZCMD
G989A6102,TOP
G989MC106,ZBAO
G989MS101,ZYBT
G98Y9E102,ZJK
G9R16L100,VMCAF
G9R16L118,VMCWF
G9R16L126,VMCUF
G9R39C103,WENN
G9R39C129,WENNU
G9T22C100,WLGSF
G9TY5A101,ZURA
H00263105,ACIU
H0036K147,ADCT
H00501108,AEBI
H01301128,ALC
H11356104,BG
H1467J104,CB
H14843165,CLZNF
H17182108,CRSP
H2078C108,EFGIF
H2906T109,GRMN
H2927K103,AMRZ
H42097107,UBS
H44577189,KRDXF
H4614U113,KMAAF
H49983184,LDSVF
H5012F103,LAR
H50430232,LOGI
H5316Q102,MDMXF
H57312649,NSRGF
H5820Q150,NVSEF
H5870P102,OCS
H5870P110,OCSAW
H59187106,OERLF
H5919C104,ONON
H69293225,RHHBF
H8088L103,SRAD
H82027105,SOPH
H8300N127,SAUHF
H83580284,SULZF
H8817H100,RIG
H9130A103,VRXA
H9130A111,VRXAW
J0433G101,BAINF
J13440102,FANUF
J15351109,FTKKF
J1822R104,GMOYF
J18270108,HPHTF
J2388K103,IDKOF
J2442V103,IVINF
J2800D109,JPHLF
J32491102,KYCCF
J35759125,KMTUF
J3921Q102,LGPS
J44131167,MMTOF
J4706D100,MIUFF
J51699106,NTDOF
J58214131,NCLTF
J64264104,RKUNF
J65729105,RYOJ
J6991H100,SBHGF
J75734103,SMECF
J89494116,TRYIF
J89903108,TSHTF
J9894K105,YAHOF
K0514G135,AMKAF
K08588103,ASND
L00849106,AGRO
L0175J104,ASPS
L0175J112,ASPSW
L0175J120,ASPSZ
L0175J138,ASPS
L01800108,ALVO
L01800116,ALVOW
L02235106,AMBP
L0415A103,AUNA
L0423Q124,ARVLF
L0427L204,ATTOF
L18268109,CDRO
L18268117,CDROW
L1995B107,CAAP
L20675101,CRTO
L31839134,ERFSF
L44385109,GLOB
L6388F110,TIGO
L64875104,MLEC
L64875120,MLEC
L67359106,NEXA
L72967109,OEC
L7756P102,PROCF
L7756P110,PRCWF
L8681T102,SPOT
M0740A108,DRTS
M0740A116,DRTSW
M0854Q105,ALLT
M1500S107,ARYTF
M15342104,AUDC
M15629104,BCOMF
M16043107,BLMIF
M19199112,BVC
M1R50V113,AQUEF
M1R79L104,BMR
M1R95N100,ARBE
M1R95N118,ARBEW
M20115180,BOSC
M20119109,BTSEF
M2012Q100,BZQIF
M2029K104,BIRK
M20330102,ROBOF
M2043H103,BRSYF
M20598104,CSTE
M20791105,CAMT
M2196U109,CELJF
M2197Q107,CLBT
M22013102,CRNT
M22465104,CHKP
M2361E179,MBAI
M25133105,CGNT
M25722105,CGEN
M2573A106,ZOOZ
M2573A197,ZOOZW
M2573A239,ZOOZ
M26895132,CYRNQ
M2R43K115,BNRG
M2R43K404,BNRG
M2R51X116,CLGN
M37605124,EMITF
M3760D101,ESLT
M40184208,ELTK
M40527109,ENTX
M4056D110,ENLT
M4119S187,EVGN
M4130Y106,ENLV
M4148G105,FATLF
M42619102,FTCFF
M46528101,FRO
M47238148,GLMD
M4757U106,GAUZ
M4793C102,GZTGF
M4R82T106,FVRR
M51474118,GILT
M5216V106,GLBE
M52523103,WILC
M5299H123,HLTEF
M53051104,NUVOQ
M53051112,NUVWQ
M53071136,ICCM
M53213100,ICL
M53637100,QTEX
M5425M103,INMD
M549GJ111,INCR
M5R635108,INVZ
M6000J119,HUBCZ
M6000J127,HUBCW
M6000J135,HUBC
M6000J168,HUBC
M6058P108,ITGMF
M61472110,NEXRW
M61472128,NEXR
M6158M104,ITRN
M6191J100,FROG
M6240T109,KMDA
M6372Q113,KRNT
M68057104,MTEK
M68057112,MTEKW
M6859E153,MTRX
M68830112,MDWD
M70240102,MNDO
M70700105,NNOX
M7071P109,NSRX
M74240108,NRSN
M74240116,NRSNW
M7516K103,NVMI
M7517R107,NTBLQ
M7518J104,ODD
M75260113,ONSTF
M77798201,PRFX
M78465107,PTNRF
M78673114,PERI
M7933B108,PLSNF
M79549206,PLRZ
M7S13T102,PRZO
M7S64H106,MNDY
M7S64L107,PGYWW
M7S64L123,PGY
M7S750159,NYAX
M7S8CD102,PHNGF
M8001Q118,PYPD
M8001Q126,PYPD
M81865111,RDCM
M8186D106,RVSN
M8186D114,RVSNW
M8186D122,RVSN
M81873107,RDWR
M8211G108,RGNT
M8216Q119,LFWD
M8216Q200,LFWD
M8216Q309,LFWD
M8216R109,RSKD
M82183209,ROSGQ
M82618105,SPRC
M82618113,SPRC
M82618139,SPRC
M8287R202,REEAF
M84116108,SILC
M84137104,SMWB
M85548101,SSYS
M8694L103,SLGL
M8694L137,SLGL
M8708U107,SCIXF
M87095119,SPCB
M87095200,SPCB
M87095309,SPCB
M8740S227,TATT
M8744T106,TBLA
M87915274,TSEM
M8T145100,SYNX
M8T80P204,NEXN
M9607U107,VLNWF
M9607U115,VLN
M96088105,URGN
M97838102,WLDS
M97838409,WLDS
M98068105,WIX
M9T951109,ZIM
N00985106,AER
N01045207,AFMDQ
N0280G100,EADSF
N07045102,ASMIY
N07059210,ASML
N0731H103,ATAI
N0796A100,ALLGF
N14506104,ESTC
N20944109,CNH
N20967100,CNCKW
N20967118,CNCK
N22035104,CSTM
N22717107,CLB
N30577105,ZGN
N31068195,ECMPF
N3167Y103,RACE
N3168P101,FER
N3501V104,ADYYF
N44445109,IMTX
N44664105,JDEPF
N44821101,IFRX
N4732M103,JBS
N5017D122,DSM
N52586109,LILMF
N52586117,LILWF
N52A8C105,INIO
N53745100,LYB
N5436L101,QUCY
N5436L119,QUCY
N5505D105,MICC
N62509109,NAMS
N62509117,NAMSW
N63018118,EGOXF
N6596X109,NXPI
N68722102,SHMD
N68722110,SHMDW
N69605108,PHVS
N69958101,PICS
N71542109,PRQR
N72482156,QGEN
N72482206,QGEN
N7975Z103,SHPPF
N80029106,SSUNF
N80029114,SSUTF
N81409109,SSM
N82405106,STLA
N8486R101,THNPF
N85083108,NKLR
N90064101,QURE
N94209108,WBX
N94209116,WBXWF
N94209124,WBX
N97284108,NBIS
P1666E105,BWMX
P31076105,CPA
P5626F128,IFS
P73398102,NYMXF
P73684113,OSW
P8696W104,SVA
P94398107,ULTRF
P98180188,WMMVF
Q0266F107,MMA
Q0604U105,ASXFF
Q17375108,BRAI
Q4933C117,IBG
Q4933C208,IBG
Q49376108,IMTE
Q49376124,IMTE
Q4982L109,IREN
Q56120100,LCFY
Q56120134,LCFY
Q56120142,LCFYW
Q6297L120,MOB
Q90630114,TITMF
Q9225T116,DCFWQ
Q9379E105,VSTTF
Q9379E113,VSTWF
Q9395F102,CNRAF
Q98665104,XROLF
Q9899L134,ZIP
S2192Y109,DCYHF
S5202Z131,FANDF
T50283109,GXSBF
T77413119,PRI
T81241118,SG
T9224W109,STVN
V0393H103,AZREF
V5633W109,MMYT
V7780T103,RCL
W2479G107,EKTAF
W2R45B104,CLLKF
W4R431112,HXGBF
W74857165,SDVKF
W74925103,SAMHF
X3R81D102,AFRI
X3R81D110,AFRIW
Y0004F105,ZTCOF
Y002A1105,AAIGF
Y00408107,CCEC
Y0207T100,ASC
Y0485Q109,AVIJF
Y07702122,BJINF
Y07832143,BGUUF
Y10230103,BWLP
Y1146L109,CTRM
Y1146L125,CTRM
Y1146L208,CTRM
Y1295E138,CPOUF
Y1495M112,CGMBF
Y14965100,CTM
Y15002101,CHOLF
Y15010104,SNPMF
Y1507D100,CTVIF
Y1639J116,CTPCF
Y1771G102,CMRE
Y18284169,CISS
Y18284201,CISS
Y1968P121,DAC
Y1R80M106,GDTC
Y2001C101,CMDB
Y2065G121,DHT
Y2066G104,DSX
Y2066G138,DSX-WS
Y2106R110,LPG
Y2188B108,DLNG
Y234DY109,EHLD
Y23508107,EDRY
Y23592135,ESEA
Y23592309,ESEA
Y2573F102,FLEX
Y2685T131,GNK
Y2711Y112,GIGM
Y27183600,GSL
Y27265126,GLBS
Y27292120,GMM
Y2731H156,GP
Y2990R101,HAFN
Y3005A117,GNS
Y3130D101,HMR
Y32359104,HKCVF
Y36861105,HNHAF
Y37828111,HUNTF
Y3894J187,IMPP
Y4000A102,HQ
Y4000A128,HQWWW
Y4001C107,ICON
Y4001C206,ICON
Y4001C305,ICON
Y41053102,INSW
Y46002153,JXG
Y46002302,JXG
Y4600W108,KARO
Y46717107,KEN
Y48125101,KNOP
Y58473128,MAXNQ
Y62132108,NVGS
Y62267409,NMM
Y6367W106,NNFSF
Y64177101,ECO
Y6430L202,SVRN
Y6430L301,SVRN
Y67305154,PSHG
Y6885J116,PNAGF
Y6941N101,PIEL
Y708VV108,PMEC
Y7117N172,PTAIF
Y7121Z146,PHJMF
Y71287208,PTKFF
Y71726122,PXSAW
Y71726130,PXS
Y73118104,RBNE
Y73760400,SHIP
Y7388L103,SB
Y7542C130,STNG
Y8162K204,SBLK
Y81669106,GASS
Y8172W107,PHUN
Y8565N102,TNK
Y8565N300,TNK
Y8897Y230,TOPS
Y8900D108,TORO
Y92335101,USEA
Y9390M103,VFS
Y9390M111,VFSWW
Y95308105,WVE
Y9863Z128,YUPRF
Y989DF109,ZZHGF
